[
null,
{"id":1,"battlerName":"Actor1_1","characterIndex":0,"characterName":"%mercenary","classId":1,"equips":[1,0,0,1,0],"faceIndex":0,"faceName":"Actor1","traits":[{"code":13,"dataId":3,"value":1}],"initialLevel":2,"maxLevel":99,"name":"Levi","nickname":"","note":"","profile":""},
{"id":2,"battlerName":"","characterIndex":0,"characterName":"","classId":1,"equips":[0,0,0,0,0],"faceIndex":0,"faceName":"","traits":[],"initialLevel":1,"maxLevel":99,"name":"","nickname":"","note":"","profile":""},
{"id":3,"battlerName":"occultist1_1","characterIndex":0,"characterName":"%occultist","classId":5,"equips":[1,0,0,2,0],"faceIndex":2,"faceName":"Actor1","traits":[{"code":13,"dataId":3,"value":1}],"initialLevel":2,"maxLevel":99,"name":"Marina","nickname":"","note":"","profile":""},
{"id":4,"battlerName":"Doctor1_1","characterIndex":0,"characterName":"%doctor","classId":6,"equips":[5,0,0,4,0],"faceIndex":4,"faceName":"Actor1","traits":[{"code":13,"dataId":3,"value":1}],"initialLevel":2,"maxLevel":99,"name":"Daan","nickname":"","note":"","profile":""},
{"id":5,"battlerName":"Mechanic1_1","characterIndex":0,"characterName":"%mechanic","classId":7,"equips":[15,0,0,6,0],"faceIndex":5,"faceName":"Actor1","traits":[{"code":13,"dataId":3,"value":1}],"initialLevel":2,"maxLevel":99,"name":"Abella","nickname":"","note":"","profile":""},
{"id":6,"battlerName":"Yellow1_1","characterIndex":0,"characterName":"%yellow_mage","classId":18,"equips":[0,0,0,72,55],"faceIndex":0,"faceName":"Actor2","traits":[],"initialLevel":2,"maxLevel":99,"name":"O'saa","nickname":"","note":"","profile":""},
{"id":7,"battlerName":"black_kalev1_1","characterIndex":0,"characterName":"%black_kalev","classId":9,"equips":[0,0,0,0,0],"faceIndex":3,"faceName":"Actor1","traits":[],"initialLevel":2,"maxLevel":99,"name":"Black Kalev","nickname":"","note":"Ghoul1","profile":""},
{"id":8,"battlerName":"demonchild1_1_battle","characterIndex":0,"characterName":"demon_child","classId":10,"equips":[0,0,0,0,0],"faceIndex":3,"faceName":"Actor2","traits":[],"initialLevel":2,"maxLevel":99,"name":"Kid Demon","nickname":"","note":"","profile":""},
{"id":9,"battlerName":"marriage1_1","characterIndex":0,"characterName":"marriage_of_flesh1","classId":12,"equips":[0,0,0,0,0],"faceIndex":4,"faceName":"Actor2","traits":[],"initialLevel":2,"maxLevel":99,"name":"Marriage","nickname":"","note":"","profile":""},
{"id":10,"battlerName":"bloodghoul_climb1","characterIndex":0,"characterName":"$empty","classId":11,"equips":[0,0,0,0,0],"faceIndex":1,"faceName":"Actor1","traits":[],"initialLevel":2,"maxLevel":99,"name":"Blood golem","nickname":"","note":"","profile":""},
{"id":11,"battlerName":"fusion1_1","characterIndex":0,"characterName":"marriage_of_flesh2","classId":13,"equips":[0,0,0,0,0],"faceIndex":5,"faceName":"Actor2","traits":[],"initialLevel":2,"maxLevel":99,"name":"Marriage","nickname":"","note":"","profile":""},
{"id":12,"battlerName":"demonbaby","characterIndex":0,"characterName":"","classId":14,"equips":[0,0,0,0,0],"faceIndex":2,"faceName":"Actor2","traits":[{"code":62,"dataId":0,"value":1}],"initialLevel":2,"maxLevel":99,"name":"Baby Demon","nickname":"","note":"","profile":""},
{"id":13,"battlerName":"Thug1_1","characterIndex":0,"characterName":"%thug","classId":19,"equips":[0,0,0,68,0],"faceIndex":6,"faceName":"Actor1","traits":[{"code":13,"dataId":3,"value":1}],"initialLevel":2,"maxLevel":97,"name":"Marcoh","nickname":"","note":"<Replace Attack: 633>\n<Replace Attack: Quick jabs>","profile":""},
{"id":14,"battlerName":"Journalist1_1","characterIndex":0,"characterName":"%journalist","classId":21,"equips":[1,0,0,71,0],"faceIndex":1,"faceName":"Actor2","traits":[],"initialLevel":2,"maxLevel":99,"name":"Karin","nickname":"","note":"","profile":""},
{"id":15,"battlerName":"Botanist1_1","characterIndex":0,"characterName":"%botanist","classId":20,"equips":[1,0,0,7,65],"faceIndex":7,"faceName":"Actor1","traits":[],"initialLevel":2,"maxLevel":99,"name":"Olivia","nickname":"","note":"","profile":""},
{"id":16,"battlerName":"ghoulbattle1_1","characterIndex":0,"characterName":"%ghoul","classId":2,"equips":[0,0,0,3,0],"faceIndex":1,"faceName":"Actor1","traits":[],"initialLevel":2,"maxLevel":99,"name":"Ghoul","nickname":"","note":"Ghoul1","profile":""},
{"id":17,"battlerName":"ghoulbattle1_1","characterIndex":0,"characterName":"%ghoul","classId":2,"equips":[0,0,0,3,0],"faceIndex":1,"faceName":"Actor1","traits":[],"initialLevel":2,"maxLevel":99,"name":"Ghoul","nickname":"","note":"Ghoul1","profile":""},
{"id":18,"battlerName":"ghoulbattle1_1","characterIndex":0,"characterName":"ghoul","classId":2,"equips":[0,0,0,0,0],"faceIndex":5,"faceName":"Actor1","traits":[],"initialLevel":2,"maxLevel":99,"name":"Ghoul","nickname":"","note":"Ghoul2","profile":""},
{"id":19,"battlerName":"Skeleton1_1","characterIndex":0,"characterName":"skeleton1","classId":15,"equips":[0,0,0,0,0],"faceIndex":7,"faceName":"Actor2","traits":[],"initialLevel":2,"maxLevel":99,"name":"Skeleton","nickname":"","note":"Ghoul1","profile":""},
{"id":20,"battlerName":"Skeleton1_1","characterIndex":0,"characterName":"skeleton1","classId":15,"equips":[0,0,0,0,0],"faceIndex":7,"faceName":"Actor2","traits":[],"initialLevel":2,"maxLevel":99,"name":"Skeleton","nickname":"","note":"Ghoul1","profile":""},
{"id":21,"battlerName":"Skeleton1_1","characterIndex":0,"characterName":"skeleton1","classId":15,"equips":[0,0,0,0,0],"faceIndex":7,"faceName":"Actor2","traits":[],"initialLevel":2,"maxLevel":99,"name":"Skeleton","nickname":"","note":"Ghoul1","profile":""},
{"id":22,"battlerName":"villagerbattle1_1","characterIndex":0,"characterName":"%villager1","classId":2,"equips":[0,0,0,3,0],"faceIndex":2,"faceName":"Actor2gro","traits":[],"initialLevel":2,"maxLevel":99,"name":"Villager","nickname":"","note":"Ghoul1","profile":""},
{"id":23,"battlerName":"Thug1_1","characterIndex":0,"characterName":"%hunter","classId":1,"equips":[0,0,0,0,0],"faceIndex":0,"faceName":"","traits":[],"initialLevel":1,"maxLevel":99,"name":"character","nickname":"","note":"","profile":""},
{"id":24,"battlerName":"","characterIndex":0,"characterName":"","classId":1,"equips":[0,0,0,0,0],"faceIndex":0,"faceName":"","traits":[],"initialLevel":1,"maxLevel":99,"name":"","nickname":"","note":"","profile":""},
{"id":25,"battlerName":"","characterIndex":0,"characterName":"","classId":1,"equips":[0,0,0,0,0],"faceIndex":6,"faceName":"Actor2","traits":[],"initialLevel":1,"maxLevel":99,"name":"First verse","nickname":"","note":"","profile":""},
{"id":26,"battlerName":"","characterIndex":0,"characterName":"","classId":1,"equips":[0,0,0,0,0],"faceIndex":6,"faceName":"Actor2","traits":[],"initialLevel":1,"maxLevel":99,"name":"Second verse","nickname":"","note":"","profile":""},
{"id":27,"battlerName":"","characterIndex":0,"characterName":"","classId":1,"equips":[0,0,0,0,0],"faceIndex":6,"faceName":"Actor2","traits":[],"initialLevel":1,"maxLevel":99,"name":"Third verse","nickname":"","note":"","profile":""},
{"id":28,"battlerName":"villagerbattle1_1","characterIndex":0,"characterName":"%villager1","classId":2,"equips":[0,0,0,3,0],"faceIndex":2,"faceName":"Actor2","traits":[],"initialLevel":2,"maxLevel":99,"name":"Villager","nickname":"","note":"Ghoul1","profile":""},
{"id":29,"battlerName":"villagerbattle1_1","characterIndex":0,"characterName":"%villager1","classId":2,"equips":[0,0,0,3,0],"faceIndex":2,"faceName":"Actor2","traits":[],"initialLevel":2,"maxLevel":99,"name":"Villager","nickname":"","note":"Ghoul1","profile":""},
{"id":30,"battlerName":"","characterIndex":0,"characterName":"","classId":1,"equips":[0,0,0,0,0],"faceIndex":0,"faceName":"","traits":[],"initialLevel":1,"maxLevel":99,"name":"","nickname":"","note":"","profile":""},
{"id":31,"battlerName":"","characterIndex":0,"characterName":"","classId":1,"equips":[0,0,0,0,0],"faceIndex":0,"faceName":"","traits":[],"initialLevel":1,"maxLevel":99,"name":"August","nickname":"","note":"","profile":""},
{"id":32,"battlerName":"","characterIndex":0,"characterName":"","classId":1,"equips":[0,0,0,0,0],"faceIndex":0,"faceName":"","traits":[],"initialLevel":1,"maxLevel":99,"name":"Caligura","nickname":"","note":"","profile":""},
{"id":33,"battlerName":"","characterIndex":0,"characterName":"","classId":1,"equips":[0,0,0,0,0],"faceIndex":0,"faceName":"","traits":[],"initialLevel":1,"maxLevel":99,"name":"Henryk","nickname":"","note":"","profile":""},
{"id":34,"battlerName":"","characterIndex":0,"characterName":"","classId":1,"equips":[0,0,0,0,0],"faceIndex":0,"faceName":"","traits":[],"initialLevel":1,"maxLevel":99,"name":"Pav","nickname":"","note":"","profile":""},
{"id":35,"battlerName":"","characterIndex":0,"characterName":"","classId":1,"equips":[0,0,0,0,0],"faceIndex":0,"faceName":"","traits":[],"initialLevel":1,"maxLevel":99,"name":"Tanaka","nickname":"","note":"","profile":""},
{"id":36,"battlerName":"","characterIndex":0,"characterName":"","classId":1,"equips":[0,0,0,0,0],"faceIndex":0,"faceName":"","traits":[],"initialLevel":1,"maxLevel":99,"name":"Samarie","nickname":"","note":"","profile":""},
{"id":37,"battlerName":"","characterIndex":0,"characterName":"","classId":1,"equips":[0,0,0,0,0],"faceIndex":0,"faceName":"","traits":[],"initialLevel":1,"maxLevel":99,"name":"White key","nickname":"","note":"","profile":""},
{"id":38,"battlerName":"","characterIndex":0,"characterName":"","classId":1,"equips":[0,0,0,0,0],"faceIndex":6,"faceName":"Actor2","traits":[],"initialLevel":1,"maxLevel":99,"name":"","nickname":"","note":"save slot","profile":""},
{"id":39,"battlerName":"","characterIndex":0,"characterName":"","classId":1,"equips":[0,0,0,0,0],"faceIndex":0,"faceName":"","traits":[],"initialLevel":1,"maxLevel":99,"name":"hero","nickname":"DEFAULT_HERO_NAME","note":"","profile":""},
{"id":40,"battlerName":"","characterIndex":0,"characterName":"%doctor3","classId":1,"equips":[0,0,0,0,0],"faceIndex":0,"faceName":"","traits":[],"initialLevel":1,"maxLevel":99,"name":"test","nickname":"","note":"","profile":""}
]