{
"autoplayBgm":false,"autoplayBgs":false,"battleback1Name":"","battleback2Name":"","bgm":{"name":"","pan":0,"pitch":100,"volume":90},"bgs":{"name":"","pan":0,"pitch":100,"volume":90},"disableDashing":false,"displayName":"","encounterList":[],"encounterStep":30,"height":13,"note":"","parallaxLoopX":false,"parallaxLoopY":false,"parallaxName":"tv_blank","parallaxShow":true,"parallaxSx":0,"parallaxSy":0,"scrollType":0,"specifyBattleback":false,"tilesetId":1,"width":17,
"data":[0,0,0,0,0,0,0,0,0,0,0,0,0,0,0,0,0,0,0,0,0,0,0,0,0,0,0,0,0,0,0,0,0,0,0,0,0,0,0,0,0,0,0,0,0,0,0,0,0,0,0,0,0,0,0,0,0,0,0,0,0,0,0,0,0,0,0,0,0,0,0,0,0,0,0,0,0,0,0,0,0,0,0,0,0,0,0,0,0,0,0,0,0,0,0,0,0,0,0,0,0,0,0,0,0,0,0,0,0,0,0,0,0,0,0,0,0,0,0,0,0,0,0,0,0,0,0,0,0,0,0,0,0,0,0,0,0,0,0,0,0,0,0,0,0,0,0,0,0,0,0,0,0,0,0,0,0,0,0,0,0,0,0,0,0,0,0,0,0,0,0,0,0,0,0,0,0,0,0,0,0,0,0,0,0,0,0,0,0,0,0,0,0,0,0,0,0,0,0,0,0,0,0,0,0,0,0,0,0,0,0,0,0,0,0,0,0,0,0,0,0,0,0,0,0,0,0,0,0,0,0,0,0,0,0,0,0,0,0,0,0,0,0,0,0,0,0,0,0,0,0,0,0,0,0,0,0,0,0,0,0,0,0,0,0,0,0,0,0,0,0,0,0,0,0,0,0,0,0,0,0,0,0,0,0,0,0,0,0,0,0,0,0,0,0,0,0,0,0,0,0,0,0,0,0,0,0,0,0,0,0,0,0,0,0,0,0,0,0,0,0,0,0,0,0,0,0,0,0,0,0,0,0,0,0,0,0,0,0,0,0,0,0,0,0,0,0,0,0,0,0,0,0,0,0,0,0,0,0,0,0,0,0,0,0,0,0,0,0,0,0,0,0,0,0,0,0,0,0,0,0,0,0,0,0,0,0,0,0,0,0,0,0,0,0,0,0,0,0,0,0,0,0,0,0,0,0,0,0,0,0,0,0,0,0,0,0,0,0,0,0,0,0,0,0,0,0,0,0,0,0,0,0,0,0,0,0,0,0,0,0,0,0,0,0,0,0,0,0,0,0,0,0,0,0,0,0,0,0,0,0,0,0,0,0,0,0,0,0,0,0,0,0,0,0,0,0,0,0,0,0,0,0,0,0,0,0,0,0,0,0,0,0,0,0,0,0,0,0,0,0,0,0,0,0,0,0,0,0,0,0,0,0,0,0,0,0,0,0,0,0,0,0,0,0,0,0,0,0,0,0,0,0,0,0,0,0,0,0,0,0,0,0,0,0,0,0,0,0,0,0,0,0,0,0,0,0,0,0,0,0,0,0,0,0,0,0,0,0,0,0,0,0,0,0,0,0,0,0,0,0,0,0,0,0,0,0,0,0,0,0,0,0,0,0,0,0,0,0,0,0,0,0,0,0,0,0,0,0,0,0,0,0,0,0,0,0,0,0,0,0,0,0,0,0,0,0,0,0,0,0,0,0,0,0,0,0,0,0,0,0,0,0,0,0,0,0,0,0,0,0,0,0,0,0,0,0,0,0,0,0,0,0,0,0,0,0,0,0,0,0,0,0,0,0,0,0,0,0,0,0,0,0,0,0,0,0,0,0,0,0,0,0,0,0,0,0,0,0,0,0,0,0,0,0,0,0,0,0,0,0,0,0,0,0,0,0,0,0,0,0,0,0,0,0,0,0,0,0,0,0,0,0,0,0,0,0,0,0,0,0,0,0,0,0,0,0,0,0,0,0,0,0,0,0,0,0,0,0,0,0,0,0,0,0,0,0,0,0,0,0,0,0,0,0,0,0,0,0,0,0,0,0,0,0,0,0,0,0,0,0,0,0,0,0,0,0,0,0,0,0,0,0,0,0,0,0,0,0,0,0,0,0,0,0,0,0,0,0,0,0,0,0,0,0,0,0,0,0,0,0,0,0,0,0,0,0,0,0,0,0,0,0,0,0,0,0,0,0,0,0,0,0,0,0,0,0,0,0,0,0,0,0,0,0,0,0,0,0,0,0,0,0,0,0,0,0,0,0,0,0,0,0,0,0,0,0,0,0,0,0,0,0,0,0,0,0,0,0,0,0,0,0,0,0,0,0,0,0,0,0,0,0,0,0,0,0,0,0,0,0,0,0,0,0,0,0,0,0,0,0,0,0,0,0,0,0,0,0,0,0,0,0,0,0,0,0,0,0,0,0,0,0,0,0,0,0,0,0,0,0,0,0,0,0,0,0,0,0,0,0,0,0,0,0,0,0,0,0,0,0,0,0,0,0,0,0,0,0,0,0,0,0,0,0,0,0,0,0,0,0,0,0,0,0,0,0,0,0,0,0,0,0,0,0,0,0,0,0,0,0,0,0,0,0,0,0,0,0,0,0,0,0,0,0,0,0,0,0,0,0,0,0,0,0,0,0,0,0,0,0,0,0,0,0,0,0,0,0,0,0,0,0,0,0,0,0,0,0,0,0,0,0,0,0,0,0,0,0,0,0,0,0,0,0,0,0,0,0,0,0,0,0,0,0,0,0,0,0,0,0,0,0,0,0,0,0,0,0,0,0,0,0,0,0,0,0,0,0,0,0,0,0,0,0,0,0,0,0,0,0,0,0,0,0,0,0,0,0,0,0,0,0,0,0,0,0,0,0,0,0,0,0,0,0,0,0,0,0,0,0,0,0,0,0,0,0,0,0,0,0,0,0,0,0,0,0,0,0,0,0,0,0,0,0,0,0,0,0,0,0,0,0,0,0,0,0,0,0,0,0,0,0,0,0,0,0,0,0,0,0,0,0,0,0,0,0,0,0,0,0,0,0,0,0,0,0,0,0,0,0,0,0,0,0,0,0,0,0,0,0,0,0,0,0,0,0,0,0,0,0,0,0,0,0,0,0,0,0,0,0,0,0,0,0,0,0,0,0,0,0,0,0,0,0,0,0,0,0,0,0,0,0,0,0,0,0,0,0,0,0,0,0,0,0,0,0,0,0,0,0,0,0,0,0,0,0,0,0,0,0,0,0,0,0,0,0,0,0,0,0,0,0,0,0,0],
"events":[
null,
{"id":1,"name":"EV001","note":"","pages":[{"conditions":{"actorId":1,"actorValid":false,"itemId":1,"itemValid":false,"selfSwitchCh":"A","selfSwitchValid":false,"switch1Id":1,"switch1Valid":false,"switch2Id":1,"switch2Valid":false,"variableId":1,"variableValid":false,"variableValue":0},"directionFix":false,"image":{"characterIndex":0,"characterName":"","direction":2,"pattern":0,"tileId":0},"list":[{"code":223,"indent":0,"parameters":[[0,0,0,0],30,false]},{"code":231,"indent":0,"parameters":[90,"tv_frame",0,0,0,0,100,100,255,0]},{"code":230,"indent":0,"parameters":[30]},{"code":231,"indent":0,"parameters":[89,"tv_blank",0,0,0,0,100,100,255,1]},{"code":230,"indent":0,"parameters":[5]},{"code":231,"indent":0,"parameters":[89,"tv_blank",0,0,0,0,100,100,255,3]},{"code":231,"indent":0,"parameters":[88,"tv_blank",0,0,0,0,100,100,255,0]},{"code":356,"indent":0,"parameters":["HorrorEffects Picture 89 Create Noise"]},{"code":356,"indent":0,"parameters":["HorrorEffects Picture 89 Change Noise Rate 1.6"]},{"code":356,"indent":0,"parameters":["HorrorEffects Picture 89 Create TV"]},{"code":230,"indent":0,"parameters":[15]},{"code":356,"indent":0,"parameters":["HorrorEffects Picture 89 Change Noise Rate 1.5"]},{"code":230,"indent":0,"parameters":[4]},{"code":356,"indent":0,"parameters":["HorrorEffects Picture 89 Change Noise Rate 1.4"]},{"code":230,"indent":0,"parameters":[4]},{"code":356,"indent":0,"parameters":["HorrorEffects Picture 89 Change Noise Rate 1.3"]},{"code":230,"indent":0,"parameters":[4]},{"code":232,"indent":0,"parameters":[89,0,0,0,0,0,100,100,100,3,120,false]},{"code":231,"indent":0,"parameters":[88,"tv_scene1",0,0,0,0,100,100,255,0]},{"code":356,"indent":0,"parameters":["HorrorEffects Picture 89 Change Noise Rate 1.2"]},{"code":230,"indent":0,"parameters":[4]},{"code":356,"indent":0,"parameters":["HorrorEffects Picture 89 Change Noise Rate 1.1"]},{"code":230,"indent":0,"parameters":[4]},{"code":356,"indent":0,"parameters":["HorrorEffects Picture 89 Change Noise Rate 1.0"]},{"code":230,"indent":0,"parameters":[4]},{"code":356,"indent":0,"parameters":["HorrorEffects Picture 89 Change Noise Rate 0.9"]},{"code":230,"indent":0,"parameters":[4]},{"code":356,"indent":0,"parameters":["HorrorEffects Picture 89 Change Noise Rate 0.8"]},{"code":232,"indent":0,"parameters":[88,0,0,0,1,1,100,100,255,0,18,true]},{"code":230,"indent":0,"parameters":[10]},{"code":232,"indent":0,"parameters":[88,0,0,0,-1,-3,100,100,255,0,23,true]},{"code":230,"indent":0,"parameters":[12]},{"code":232,"indent":0,"parameters":[88,0,0,0,2,-1,100,100,255,0,25,true]},{"code":230,"indent":0,"parameters":[12]},{"code":232,"indent":0,"parameters":[88,0,0,0,0,0,100,100,255,0,16,true]},{"code":230,"indent":0,"parameters":[25]},{"code":232,"indent":0,"parameters":[88,0,0,0,1,-1,100,100,255,0,35,true]},{"code":230,"indent":0,"parameters":[35]},{"code":232,"indent":0,"parameters":[88,0,0,0,2,1,100,100,255,0,35,true]},{"code":231,"indent":0,"parameters":[87,"tv_scene2",0,0,0,0,100,100,255,0]},{"code":232,"indent":0,"parameters":[88,0,0,0,0,0,100,100,255,0,30,true]},{"code":232,"indent":0,"parameters":[88,0,0,0,0,0,100,100,0,0,60,false]},{"code":356,"indent":0,"parameters":["HorrorEffects Picture 89 Change Noise Rate 1.2"]},{"code":230,"indent":0,"parameters":[5]},{"code":356,"indent":0,"parameters":["HorrorEffects Picture 89 Change Noise Rate 1.4"]},{"code":230,"indent":0,"parameters":[5]},{"code":356,"indent":0,"parameters":["HorrorEffects Picture 89 Change Noise Rate 1.6"]},{"code":356,"indent":0,"parameters":["HorrorEffects Picture 89 Change Noise Rate 1.2"]},{"code":230,"indent":0,"parameters":[4]},{"code":356,"indent":0,"parameters":["HorrorEffects Picture 89 Change Noise Rate 1.1"]},{"code":230,"indent":0,"parameters":[4]},{"code":356,"indent":0,"parameters":["HorrorEffects Picture 89 Change Noise Rate 1.0"]},{"code":230,"indent":0,"parameters":[4]},{"code":356,"indent":0,"parameters":["HorrorEffects Picture 89 Change Noise Rate 0.9"]},{"code":230,"indent":0,"parameters":[4]},{"code":356,"indent":0,"parameters":["HorrorEffects Picture 89 Change Noise Rate 0.8"]},{"code":232,"indent":0,"parameters":[87,0,0,0,1,1,100,100,255,0,18,true]},{"code":230,"indent":0,"parameters":[10]},{"code":232,"indent":0,"parameters":[87,0,0,0,-1,-3,100,100,255,0,23,true]},{"code":230,"indent":0,"parameters":[12]},{"code":232,"indent":0,"parameters":[87,0,0,0,2,-1,100,100,255,0,25,true]},{"code":230,"indent":0,"parameters":[12]},{"code":232,"indent":0,"parameters":[87,0,0,0,0,0,100,100,255,0,16,true]},{"code":230,"indent":0,"parameters":[25]},{"code":232,"indent":0,"parameters":[87,0,0,0,1,-1,100,100,255,0,35,true]},{"code":230,"indent":0,"parameters":[35]},{"code":232,"indent":0,"parameters":[89,0,0,0,0,0,100,100,255,0,30,false]},{"code":356,"indent":0,"parameters":["HorrorEffects Picture 89 Change Noise Rate 1.2"]},{"code":230,"indent":0,"parameters":[5]},{"code":356,"indent":0,"parameters":["HorrorEffects Picture 89 Change Noise Rate 1.4"]},{"code":230,"indent":0,"parameters":[5]},{"code":356,"indent":0,"parameters":["HorrorEffects Picture 89 Change Noise Rate 1.6"]},{"code":230,"indent":0,"parameters":[5]},{"code":356,"indent":0,"parameters":["HorrorEffects Picture 89 Change Noise Rate 1.8"]},{"code":230,"indent":0,"parameters":[5]},{"code":356,"indent":0,"parameters":["HorrorEffects Picture 89 Change Noise Rate 2.1"]},{"code":230,"indent":0,"parameters":[5]},{"code":232,"indent":0,"parameters":[89,0,0,0,0,0,100,100,100,0,20,false]},{"code":230,"indent":0,"parameters":[35]},{"code":356,"indent":0,"parameters":["HorrorEffects Picture 89 Change Noise Rate 1.2"]},{"code":230,"indent":0,"parameters":[4]},{"code":356,"indent":0,"parameters":["HorrorEffects Picture 89 Change Noise Rate 1.1"]},{"code":230,"indent":0,"parameters":[4]},{"code":356,"indent":0,"parameters":["HorrorEffects Picture 89 Change Noise Rate 1.0"]},{"code":230,"indent":0,"parameters":[4]},{"code":356,"indent":0,"parameters":["HorrorEffects Picture 89 Change Noise Rate 0.9"]},{"code":230,"indent":0,"parameters":[4]},{"code":356,"indent":0,"parameters":["HorrorEffects Picture 89 Change Noise Rate 0.8"]},{"code":231,"indent":0,"parameters":[88,"tv_blank",0,0,0,0,100,100,0,0]},{"code":232,"indent":0,"parameters":[88,0,0,0,0,0,100,100,255,0,40,true]},{"code":230,"indent":0,"parameters":[35]},{"code":232,"indent":0,"parameters":[88,0,0,0,0,0,100,100,0,0,50,false]},{"code":231,"indent":0,"parameters":[87,"tv_background",0,0,0,0,100,100,255,0]},{"code":232,"indent":0,"parameters":[87,0,0,0,2,-1,100,100,255,0,30,true]},{"code":230,"indent":0,"parameters":[30]},{"code":232,"indent":0,"parameters":[87,0,0,0,0,-2,100,100,255,0,25,true]},{"code":230,"indent":0,"parameters":[25]},{"code":232,"indent":0,"parameters":[87,0,0,0,-2,1,100,100,255,0,46,true]},{"code":230,"indent":0,"parameters":[25]},{"code":121,"indent":0,"parameters":[3307,3307,0]},{"code":0,"indent":0,"parameters":[]}],"moveFrequency":3,"moveRoute":{"list":[{"code":0,"parameters":[]}],"repeat":true,"skippable":false,"wait":false},"moveSpeed":3,"moveType":0,"priorityType":0,"stepAnime":false,"through":false,"trigger":3,"walkAnime":true},{"conditions":{"actorId":1,"actorValid":false,"itemId":1,"itemValid":false,"selfSwitchCh":"A","selfSwitchValid":false,"switch1Id":3307,"switch1Valid":true,"switch2Id":1,"switch2Valid":false,"variableId":1,"variableValid":false,"variableValue":0},"directionFix":false,"image":{"characterIndex":0,"characterName":"","direction":2,"pattern":0,"tileId":0},"list":[{"code":232,"indent":0,"parameters":[87,0,0,0,1,1,100,100,255,0,18,true]},{"code":230,"indent":0,"parameters":[10]},{"code":232,"indent":0,"parameters":[87,0,0,0,-1,-2,100,100,255,0,23,true]},{"code":230,"indent":0,"parameters":[12]},{"code":232,"indent":0,"parameters":[87,0,0,0,2,-1,100,100,255,0,25,true]},{"code":230,"indent":0,"parameters":[12]},{"code":232,"indent":0,"parameters":[87,0,0,0,0,0,100,100,255,0,16,true]},{"code":230,"indent":0,"parameters":[25]},{"code":232,"indent":0,"parameters":[87,0,0,0,1,-1,100,100,255,0,35,true]},{"code":230,"indent":0,"parameters":[35]},{"code":232,"indent":0,"parameters":[89,0,0,0,0,0,100,100,255,0,30,false]},{"code":232,"indent":0,"parameters":[87,0,0,0,2,0,100,100,255,0,35,true]},{"code":230,"indent":0,"parameters":[45]},{"code":232,"indent":0,"parameters":[89,0,0,0,0,0,100,100,100,0,20,false]},{"code":230,"indent":0,"parameters":[45]},{"code":0,"indent":0,"parameters":[]}],"moveFrequency":3,"moveRoute":{"list":[{"code":0,"parameters":[]}],"repeat":true,"skippable":false,"wait":false},"moveSpeed":3,"moveType":0,"priorityType":0,"stepAnime":false,"through":false,"trigger":4,"walkAnime":true},{"conditions":{"actorId":1,"actorValid":false,"itemId":1,"itemValid":false,"selfSwitchCh":"A","selfSwitchValid":false,"switch1Id":1699,"switch1Valid":true,"switch2Id":1,"switch2Valid":false,"variableId":1,"variableValid":false,"variableValue":0},"directionFix":false,"image":{"characterIndex":0,"characterName":"","direction":2,"pattern":0,"tileId":0},"list":[{"code":0,"indent":0,"parameters":[]}],"moveFrequency":3,"moveRoute":{"list":[{"code":0,"parameters":[]}],"repeat":true,"skippable":false,"wait":false},"moveSpeed":3,"moveType":0,"priorityType":0,"stepAnime":false,"through":false,"trigger":0,"walkAnime":true}],"x":4,"y":4},
{"id":2,"name":"EV002","note":"","pages":[{"conditions":{"actorId":1,"actorValid":false,"itemId":1,"itemValid":false,"selfSwitchCh":"A","selfSwitchValid":false,"switch1Id":3307,"switch1Valid":true,"switch2Id":1,"switch2Valid":false,"variableId":1,"variableValid":false,"variableValue":0},"directionFix":false,"image":{"characterIndex":0,"characterName":"","direction":2,"pattern":0,"tileId":0},"list":[{"code":356,"indent":0,"parameters":["HorrorEffects Picture 89 Change Noise Rate 1.8"]},{"code":230,"indent":0,"parameters":[4]},{"code":356,"indent":0,"parameters":["HorrorEffects Picture 89 Change Noise Rate 1.6"]},{"code":230,"indent":0,"parameters":[4]},{"code":356,"indent":0,"parameters":["HorrorEffects Picture 89 Change Noise Rate 1.4"]},{"code":230,"indent":0,"parameters":[4]},{"code":356,"indent":0,"parameters":["HorrorEffects Picture 89 Change Noise Rate 1.2"]},{"code":230,"indent":0,"parameters":[4]},{"code":356,"indent":0,"parameters":["HorrorEffects Picture 89 Change Noise Rate 1.1"]},{"code":230,"indent":0,"parameters":[4]},{"code":356,"indent":0,"parameters":["HorrorEffects Picture 89 Change Noise Rate 1.0"]},{"code":230,"indent":0,"parameters":[4]},{"code":356,"indent":0,"parameters":["HorrorEffects Picture 89 Change Noise Rate 0.9"]},{"code":230,"indent":0,"parameters":[4]},{"code":356,"indent":0,"parameters":["HorrorEffects Picture 89 Change Noise Rate 0.8"]},{"code":230,"indent":0,"parameters":[12]},{"code":230,"indent":0,"parameters":[35]},{"code":356,"indent":0,"parameters":["HorrorEffects Picture 89 Change Noise Rate 1.6"]},{"code":230,"indent":0,"parameters":[12]},{"code":356,"indent":0,"parameters":["HorrorEffects Picture 89 Change Noise Rate 1.2"]},{"code":230,"indent":0,"parameters":[12]},{"code":356,"indent":0,"parameters":["HorrorEffects Picture 89 Change Noise Rate 1.0"]},{"code":230,"indent":0,"parameters":[4]},{"code":356,"indent":0,"parameters":["HorrorEffects Picture 89 Change Noise Rate 0.9"]},{"code":230,"indent":0,"parameters":[4]},{"code":356,"indent":0,"parameters":["HorrorEffects Picture 89 Change Noise Rate 0.8"]},{"code":230,"indent":0,"parameters":[4]},{"code":230,"indent":0,"parameters":[130]},{"code":0,"indent":0,"parameters":[]}],"moveFrequency":3,"moveRoute":{"list":[{"code":0,"parameters":[]}],"repeat":true,"skippable":false,"wait":false},"moveSpeed":3,"moveType":0,"priorityType":0,"stepAnime":false,"through":false,"trigger":4,"walkAnime":true},{"conditions":{"actorId":1,"actorValid":false,"itemId":1,"itemValid":false,"selfSwitchCh":"A","selfSwitchValid":false,"switch1Id":1699,"switch1Valid":true,"switch2Id":1,"switch2Valid":false,"variableId":1,"variableValid":false,"variableValue":0},"directionFix":false,"image":{"characterIndex":0,"characterName":"","direction":2,"pattern":0,"tileId":0},"list":[{"code":0,"indent":0,"parameters":[]}],"moveFrequency":3,"moveRoute":{"list":[{"code":0,"parameters":[]}],"repeat":true,"skippable":false,"wait":false},"moveSpeed":3,"moveType":0,"priorityType":0,"stepAnime":false,"through":false,"trigger":0,"walkAnime":true}],"x":5,"y":4},
{"id":3,"name":"EV003","note":"","pages":[{"conditions":{"actorId":1,"actorValid":false,"itemId":1,"itemValid":false,"selfSwitchCh":"A","selfSwitchValid":false,"switch1Id":3307,"switch1Valid":true,"switch2Id":1,"switch2Valid":false,"variableId":1,"variableValid":false,"variableValue":0},"directionFix":false,"image":{"characterIndex":0,"characterName":"","direction":2,"pattern":0,"tileId":0},"list":[{"code":230,"indent":0,"parameters":[100]},{"code":111,"indent":0,"parameters":[0,1501,0]},{"code":101,"indent":1,"parameters":["",0,2,2]},{"code":401,"indent":1,"parameters":["\"Commentating the events here at the Prehevil, Bohemia is Karin"]},{"code":401,"indent":1,"parameters":["Sauer. Good afternoon.\""]},{"code":0,"indent":1,"parameters":[]},{"code":411,"indent":0,"parameters":[]},{"code":111,"indent":1,"parameters":[0,1502,0]},{"code":101,"indent":2,"parameters":["",0,2,2]},{"code":401,"indent":2,"parameters":["\"Commentating the events here at the Prehevil, Bohemia is Karin"]},{"code":401,"indent":2,"parameters":["Sauer. Good evening.\""]},{"code":0,"indent":2,"parameters":[]},{"code":411,"indent":1,"parameters":[]},{"code":111,"indent":2,"parameters":[0,1503,0]},{"code":101,"indent":3,"parameters":["",0,2,2]},{"code":401,"indent":3,"parameters":["\"Commentating the events here at the Prehevil, Bohemia is Karin"]},{"code":401,"indent":3,"parameters":["Sauer. I am glad to be the one to bring you the news this late in"]},{"code":401,"indent":3,"parameters":["the night.\""]},{"code":0,"indent":3,"parameters":[]},{"code":411,"indent":2,"parameters":[]},{"code":101,"indent":3,"parameters":["",0,2,2]},{"code":401,"indent":3,"parameters":["\"Commentating the events here at the Prehevil, Bohemia is Karin"]},{"code":401,"indent":3,"parameters":["Sauer. Good afternoon.\""]},{"code":0,"indent":3,"parameters":[]},{"code":412,"indent":2,"parameters":[]},{"code":0,"indent":2,"parameters":[]},{"code":412,"indent":1,"parameters":[]},{"code":0,"indent":1,"parameters":[]},{"code":412,"indent":0,"parameters":[]},{"code":230,"indent":0,"parameters":[60]},{"code":101,"indent":0,"parameters":["",0,2,2]},{"code":401,"indent":0,"parameters":["\"A murder so heinous, and perplexing in all its particulars, has "]},{"code":401,"indent":0,"parameters":["never before been committed in the city of Prehevil.\""]},{"code":101,"indent":0,"parameters":["",0,2,2]},{"code":401,"indent":0,"parameters":["\"The tragedy of the 28th street.\""]},{"code":101,"indent":0,"parameters":["",0,2,2]},{"code":401,"indent":0,"parameters":["\"This most extraordinary and frightful affair that transpired here "]},{"code":401,"indent":0,"parameters":["in the heart of the city baffles the residents of the apartment"]},{"code":401,"indent":0,"parameters":["building to no end.\""]},{"code":101,"indent":0,"parameters":["",0,2,2]},{"code":401,"indent":0,"parameters":["\"The person held in charge of this crime was said to never been "]},{"code":401,"indent":0,"parameters":["a suspicious one.\""]},{"code":101,"indent":0,"parameters":["",0,2,2]},{"code":401,"indent":0,"parameters":["\"All the residents described him as a calm individual who liked "]},{"code":401,"indent":0,"parameters":["to keep to himself most of the time.\""]},{"code":101,"indent":0,"parameters":["",0,2,2]},{"code":401,"indent":0,"parameters":["\"Regardless of his outward persona, inside this man was a monster.\""]},{"code":111,"indent":0,"parameters":[1,897,0,3,0]},{"code":101,"indent":1,"parameters":["",0,2,2]},{"code":401,"indent":1,"parameters":["\"The residents of the apartments \\c[2]6\\c[0], \\c[2]9\\c[0], \\c[2]11\\c[0] and \\c[2]13\\c[0] were murdered "]},{"code":401,"indent":1,"parameters":["in the most gruesome manner...\""]},{"code":0,"indent":1,"parameters":[]},{"code":411,"indent":0,"parameters":[]},{"code":101,"indent":1,"parameters":["",0,2,2]},{"code":401,"indent":1,"parameters":["\"The residents of the apartments \\c[2]2\\c[0], \\c[2]6\\c[0], \\c[2]11\\c[0] and \\c[2]13\\c[0] were murdered "]},{"code":401,"indent":1,"parameters":["in the most gruesome manner...\""]},{"code":0,"indent":1,"parameters":[]},{"code":412,"indent":0,"parameters":[]},{"code":121,"indent":0,"parameters":[1699,1699,0]},{"code":223,"indent":0,"parameters":[[-255,-255,-255,0],100,false]},{"code":230,"indent":0,"parameters":[2]},{"code":356,"indent":0,"parameters":["HorrorEffects Picture 89 Change Noise Rate 1.2"]},{"code":230,"indent":0,"parameters":[2]},{"code":356,"indent":0,"parameters":["HorrorEffects Picture 89 Change Noise Rate 1.3"]},{"code":230,"indent":0,"parameters":[3]},{"code":356,"indent":0,"parameters":["HorrorEffects Picture 89 Change Noise Rate 1.4"]},{"code":230,"indent":0,"parameters":[3]},{"code":356,"indent":0,"parameters":["HorrorEffects Picture 89 Change Noise Rate 1.6"]},{"code":230,"indent":0,"parameters":[5]},{"code":356,"indent":0,"parameters":["HorrorEffects Picture 89 Change Noise Rate 1.8"]},{"code":230,"indent":0,"parameters":[4]},{"code":356,"indent":0,"parameters":["HorrorEffects Picture 89 Change Noise Rate 2.1"]},{"code":230,"indent":0,"parameters":[100]},{"code":235,"indent":0,"parameters":[87]},{"code":235,"indent":0,"parameters":[88]},{"code":235,"indent":0,"parameters":[89]},{"code":235,"indent":0,"parameters":[90]},{"code":201,"indent":0,"parameters":[0,69,51,23,8,0]},{"code":0,"indent":0,"parameters":[]}],"moveFrequency":3,"moveRoute":{"list":[{"code":0,"parameters":[]}],"repeat":true,"skippable":false,"wait":false},"moveSpeed":3,"moveType":0,"priorityType":0,"stepAnime":false,"through":false,"trigger":4,"walkAnime":true}],"x":6,"y":4}
]
}