{
"autoplayBgm":false,"autoplayBgs":true,"battleback1Name":"","battleback2Name":"","bgm":{"name":"dark_outside_extended","pan":0,"pitch":100,"volume":90},"bgs":{"name":"wind1_MMO_Game_Magic_Source_Wind_Main_01_Cold_Winter_Analog_01","pan":0,"pitch":70,"volume":10},"disableDashing":false,"displayName":"","encounterList":[],"encounterStep":30,"height":13,"note":"LAYER 1 fog1 0.2 0 40 6 0.2 0 1\nLAYER 2 fog2 0.1 0 20 6 0.1 0 1","parallaxLoopX":false,"parallaxLoopY":false,"parallaxName":"","parallaxShow":true,"parallaxSx":0,"parallaxSy":0,"scrollType":0,"specifyBattleback":false,"tilesetId":1,"width":17,
"data":[0,0,0,0,0,0,0,0,0,0,0,0,0,0,0,0,0,0,0,0,0,0,0,0,0,0,0,0,0,0,0,0,0,0,0,0,0,0,0,0,0,0,0,0,0,0,0,0,0,0,0,0,0,0,0,0,0,0,0,0,0,0,0,0,0,0,0,0,0,0,0,0,0,0,0,0,0,0,0,0,0,0,0,0,0,0,0,0,0,0,0,0,0,0,0,0,0,0,0,0,0,0,0,0,0,0,0,0,0,0,0,0,0,0,0,0,0,0,0,0,0,0,0,0,0,0,0,0,0,0,0,0,0,0,0,0,0,0,0,0,0,0,0,0,0,0,0,0,0,0,0,0,0,0,0,0,0,0,0,0,0,0,0,0,0,0,0,0,0,0,0,0,0,0,0,0,0,0,0,0,0,0,0,0,0,0,0,0,0,0,0,0,0,0,0,0,0,0,0,0,0,0,0,0,0,0,0,0,0,0,0,0,0,0,0,0,0,0,0,0,0,0,0,0,0,0,0,0,0,0,0,0,0,0,0,0,0,0,0,0,0,0,0,0,0,0,0,0,0,0,0,0,0,0,0,0,0,0,0,0,0,0,0,0,0,0,0,0,0,0,0,0,0,0,0,0,0,0,0,0,0,0,0,0,0,0,0,0,0,0,0,0,0,0,0,0,0,0,0,0,0,0,0,0,0,0,0,0,0,0,0,0,0,0,0,0,0,0,0,0,0,0,0,0,0,0,0,0,0,0,0,0,0,0,0,0,0,0,0,0,0,0,0,0,0,0,0,0,0,0,0,0,0,0,0,0,0,0,0,0,0,0,0,0,0,0,0,0,0,0,0,0,0,0,0,0,0,0,0,0,0,0,0,0,0,0,0,0,0,0,0,0,0,0,0,0,0,0,0,0,0,0,0,0,0,0,0,0,0,0,0,0,0,0,0,0,0,0,0,0,0,0,0,0,0,0,0,0,0,0,0,0,0,0,0,0,0,0,0,0,0,0,0,0,0,0,0,0,0,0,0,0,0,0,0,0,0,0,0,0,0,0,0,0,0,0,0,0,0,0,0,0,0,0,0,0,0,0,0,0,0,0,0,0,0,0,0,0,0,0,0,0,0,0,0,0,0,0,0,0,0,0,0,0,0,0,0,0,0,0,0,0,0,0,0,0,0,0,0,0,0,0,0,0,0,0,0,0,0,0,0,0,0,0,0,0,0,0,0,0,0,0,0,0,0,0,0,0,0,0,0,0,0,0,0,0,0,0,0,0,0,0,0,0,0,0,0,0,0,0,0,0,0,0,0,0,0,0,0,0,0,0,0,0,0,0,0,0,0,0,0,0,0,0,0,0,0,0,0,0,0,0,0,0,0,0,0,0,0,0,0,0,0,0,0,0,0,0,0,0,0,0,0,0,0,0,0,0,0,0,0,0,0,0,0,0,0,0,0,0,0,0,0,0,0,0,0,0,0,0,0,0,0,0,0,0,0,0,0,0,0,0,0,0,0,0,0,0,0,0,0,0,0,0,0,0,0,0,0,0,0,0,0,0,0,0,0,0,0,0,0,0,0,0,0,0,0,0,0,0,0,0,0,0,0,0,0,0,0,0,0,0,0,0,0,0,0,0,0,0,0,0,0,0,0,0,0,0,0,0,0,0,0,0,0,0,0,0,0,0,0,0,0,0,0,0,0,0,0,0,0,0,0,0,0,0,0,0,0,0,0,0,0,0,0,0,0,0,0,0,0,0,0,0,0,0,0,0,0,0,0,0,0,0,0,0,0,0,0,0,0,0,0,0,0,0,0,0,0,0,0,0,0,0,0,0,0,0,0,0,0,0,0,0,0,0,0,0,0,0,0,0,0,0,0,0,0,0,0,0,0,0,0,0,0,0,0,0,0,0,0,0,0,0,0,0,0,0,0,0,0,0,0,0,0,0,0,0,0,0,0,0,0,0,0,0,0,0,0,0,0,0,0,0,0,0,0,0,0,0,0,0,0,0,0,0,0,0,0,0,0,0,0,0,0,0,0,0,0,0,0,0,0,0,0,0,0,0,0,0,0,0,0,0,0,0,0,0,0,0,0,0,0,0,0,0,0,0,0,0,0,0,0,0,0,0,0,0,0,0,0,0,0,0,0,0,0,0,0,0,0,0,0,0,0,0,0,0,0,0,0,0,0,0,0,0,0,0,0,0,0,0,0,0,0,0,0,0,0,0,0,0,0,0,0,0,0,0,0,0,0,0,0,0,0,0,0,0,0,0,0,0,0,0,0,0,0,0,0,0,0,0,0,0,0,0,0,0,0,0,0,0,0,0,0,0,0,0,0,0,0,0,0,0,0,0,0,0,0,0,0,0,0,0,0,0,0,0,0,0,0,0,0,0,0,0,0,0,0,0,0,0,0,0,0,0,0,0,0,0,0,0,0,0,0,0,0,0,0,0,0,0,0,0,0,0,0,0,0,0,0,0,0,0,0,0,0,0,0,0,0,0,0,0,0,0,0,0,0,0,0,0,0,0,0,0,0,0,0,0,0,0,0,0,0,0,0,0,0,0,0,0,0,0,0,0,0,0,0,0,0,0,0,0,0,0,0,0,0,0,0,0,0,0,0,0,0,0,0,0,0,0,0,0,0,0,0,0,0,0,0,0,0,0,0,0,0,0,0,0,0,0,0,0,0,0,0,0,0,0,0,0,0,0,0,0,0,0,0,0,0,0,0,0,0,0,0,0,0,0,0,0,0,0,0,0,0,0,0,0,0,0,0,0,0,0,0,0,0,0,0,0,0,0,0,0,0,0,0,0,0,0,0,0,0,0,0,0,0,0,0,0,0,0,0,0,0,0,0,0,0,0,0,0,0,0,0,0,0,0,0,0,0,0,0,0,0,0,0,0,0,0,0,0,0,0,0,0,0,0,0,0,0,0,0,0,0,0,0,0,0,0,0,0,0,0,0,0,0,0,0,0,0,0,0,0,0,0,0,0,0,0,0,0,0,0],
"events":[
null,
{"id":1,"name":"ending_c_text","note":"","pages":[{"conditions":{"actorId":1,"actorValid":false,"itemId":1,"itemValid":false,"selfSwitchCh":"A","selfSwitchValid":false,"switch1Id":1,"switch1Valid":false,"switch2Id":1,"switch2Valid":false,"variableId":1394,"variableValid":true,"variableValue":2},"directionFix":false,"image":{"characterIndex":0,"characterName":"","direction":2,"pattern":0,"tileId":0},"list":[{"code":231,"indent":0,"parameters":[4,"ending_text_C",0,0,0,0,100,100,0,0]},{"code":231,"indent":0,"parameters":[5,"ending_text_C2",0,0,0,0,100,100,0,0]},{"code":232,"indent":0,"parameters":[4,0,0,0,0,0,100,100,255,0,130,false]},{"code":232,"indent":0,"parameters":[5,0,0,0,0,0,100,100,255,0,200,true]},{"code":123,"indent":0,"parameters":["A",0]},{"code":0,"indent":0,"parameters":[]}],"moveFrequency":3,"moveRoute":{"list":[{"code":0,"parameters":[]}],"repeat":true,"skippable":false,"wait":false},"moveSpeed":3,"moveType":0,"priorityType":0,"stepAnime":false,"through":false,"trigger":4,"walkAnime":true},{"conditions":{"actorId":1,"actorValid":false,"itemId":1,"itemValid":false,"selfSwitchCh":"A","selfSwitchValid":true,"switch1Id":1,"switch1Valid":false,"switch2Id":1,"switch2Valid":false,"variableId":1,"variableValid":false,"variableValue":0},"directionFix":false,"image":{"characterIndex":0,"characterName":"","direction":2,"pattern":0,"tileId":0},"list":[{"code":0,"indent":0,"parameters":[]}],"moveFrequency":3,"moveRoute":{"list":[{"code":0,"parameters":[]}],"repeat":true,"skippable":false,"wait":false},"moveSpeed":3,"moveType":0,"priorityType":0,"stepAnime":false,"through":false,"trigger":0,"walkAnime":true}],"x":10,"y":3},
{"id":2,"name":"EV002","note":"","pages":[{"conditions":{"actorId":1,"actorValid":false,"itemId":1,"itemValid":false,"selfSwitchCh":"A","selfSwitchValid":false,"switch1Id":1,"switch1Valid":false,"switch2Id":1,"switch2Valid":false,"variableId":1388,"variableValid":true,"variableValue":1},"directionFix":false,"image":{"characterIndex":0,"characterName":"","direction":2,"pattern":0,"tileId":0},"list":[{"code":242,"indent":0,"parameters":[4]},{"code":231,"indent":0,"parameters":[1,"tower_view2",0,0,0,-170,100,100,0,0]},{"code":111,"indent":0,"parameters":[0,246,0]},{"code":231,"indent":1,"parameters":[2,"character_panorama1",0,0,315,20,100,100,0,0]},{"code":0,"indent":1,"parameters":[]},{"code":411,"indent":0,"parameters":[]},{"code":111,"indent":1,"parameters":[0,242,0]},{"code":231,"indent":2,"parameters":[2,"character_panorama2",0,0,315,20,100,100,0,0]},{"code":0,"indent":2,"parameters":[]},{"code":411,"indent":1,"parameters":[]},{"code":111,"indent":2,"parameters":[0,243,0]},{"code":231,"indent":3,"parameters":[2,"character_panorama1",0,0,315,20,100,100,0,0]},{"code":0,"indent":3,"parameters":[]},{"code":411,"indent":2,"parameters":[]},{"code":111,"indent":3,"parameters":[0,244,0]},{"code":231,"indent":4,"parameters":[2,"character_panorama1",0,0,315,20,100,100,0,0]},{"code":0,"indent":4,"parameters":[]},{"code":411,"indent":3,"parameters":[]},{"code":111,"indent":4,"parameters":[0,2401,0]},{"code":231,"indent":5,"parameters":[2,"character_panorama2",0,0,315,20,100,100,0,0]},{"code":0,"indent":5,"parameters":[]},{"code":411,"indent":4,"parameters":[]},{"code":111,"indent":5,"parameters":[0,2402,0]},{"code":231,"indent":6,"parameters":[2,"character_panorama4",0,0,315,20,100,100,0,0]},{"code":0,"indent":6,"parameters":[]},{"code":411,"indent":5,"parameters":[]},{"code":111,"indent":6,"parameters":[0,2403,0]},{"code":231,"indent":7,"parameters":[2,"character_panorama3",0,0,315,20,100,100,0,0]},{"code":0,"indent":7,"parameters":[]},{"code":411,"indent":6,"parameters":[]},{"code":111,"indent":7,"parameters":[0,2404,0]},{"code":231,"indent":8,"parameters":[2,"character_panorama2",0,0,315,20,100,100,0,0]},{"code":0,"indent":8,"parameters":[]},{"code":411,"indent":7,"parameters":[]},{"code":231,"indent":8,"parameters":[2,"character_panorama1",0,0,315,20,100,100,0,0]},{"code":0,"indent":8,"parameters":[]},{"code":412,"indent":7,"parameters":[]},{"code":0,"indent":7,"parameters":[]},{"code":412,"indent":6,"parameters":[]},{"code":0,"indent":6,"parameters":[]},{"code":412,"indent":5,"parameters":[]},{"code":0,"indent":5,"parameters":[]},{"code":412,"indent":4,"parameters":[]},{"code":0,"indent":4,"parameters":[]},{"code":412,"indent":3,"parameters":[]},{"code":0,"indent":3,"parameters":[]},{"code":412,"indent":2,"parameters":[]},{"code":0,"indent":2,"parameters":[]},{"code":412,"indent":1,"parameters":[]},{"code":0,"indent":1,"parameters":[]},{"code":412,"indent":0,"parameters":[]},{"code":231,"indent":0,"parameters":[3,"ending_mist",0,0,0,350,100,100,0,0]},{"code":232,"indent":0,"parameters":[3,0,0,0,0,350,100,100,255,0,170,false]},{"code":232,"indent":0,"parameters":[1,0,0,0,0,-170,100,100,255,0,190,false]},{"code":232,"indent":0,"parameters":[2,0,0,0,315,20,100,100,255,0,190,true]},{"code":241,"indent":0,"parameters":[{"name":"dark_outside_extended","volume":90,"pitch":100,"pan":0}]},{"code":232,"indent":0,"parameters":[3,0,0,0,0,500,100,100,255,0,250,false]},{"code":232,"indent":0,"parameters":[1,0,0,0,0,0,100,100,255,0,380,false]},{"code":232,"indent":0,"parameters":[2,0,0,0,315,190,100,100,255,0,380,true]},{"code":122,"indent":0,"parameters":[1395,1395,0,0,1]},{"code":122,"indent":0,"parameters":[1388,1388,0,0,2]},{"code":0,"indent":0,"parameters":[]}],"moveFrequency":3,"moveRoute":{"list":[{"code":0,"parameters":[]}],"repeat":true,"skippable":false,"wait":false},"moveSpeed":3,"moveType":0,"priorityType":0,"stepAnime":false,"through":false,"trigger":3,"walkAnime":true},{"conditions":{"actorId":1,"actorValid":false,"itemId":1,"itemValid":false,"selfSwitchCh":"A","selfSwitchValid":false,"switch1Id":1,"switch1Valid":false,"switch2Id":1,"switch2Valid":false,"variableId":1388,"variableValid":true,"variableValue":2},"directionFix":false,"image":{"characterIndex":0,"characterName":"","direction":2,"pattern":0,"tileId":0},"list":[{"code":122,"indent":0,"parameters":[1815,1815,0,0,1]},{"code":230,"indent":0,"parameters":[999]},{"code":0,"indent":0,"parameters":[]}],"moveFrequency":3,"moveRoute":{"list":[{"code":0,"parameters":[]}],"repeat":true,"skippable":false,"wait":false},"moveSpeed":3,"moveType":0,"priorityType":0,"stepAnime":false,"through":false,"trigger":4,"walkAnime":true},{"conditions":{"actorId":1,"actorValid":false,"itemId":1,"itemValid":false,"selfSwitchCh":"A","selfSwitchValid":false,"switch1Id":1,"switch1Valid":false,"switch2Id":1,"switch2Valid":false,"variableId":1389,"variableValid":true,"variableValue":1},"directionFix":false,"image":{"characterIndex":0,"characterName":"","direction":2,"pattern":0,"tileId":0},"list":[{"code":242,"indent":0,"parameters":[4]},{"code":231,"indent":0,"parameters":[3,"black3",0,0,0,70,100,100,255,0]},{"code":231,"indent":0,"parameters":[1,"sulfur",1,0,300,480,100,100,0,0]},{"code":230,"indent":0,"parameters":[1]},{"code":231,"indent":0,"parameters":[2,"sulfur2_tongue1",0,0,0,0,100,100,0,0]},{"code":230,"indent":0,"parameters":[1]},{"code":231,"indent":0,"parameters":[2,"sulfur2_tongue2",0,0,0,0,100,100,0,0]},{"code":230,"indent":0,"parameters":[1]},{"code":231,"indent":0,"parameters":[2,"sulfur2_tongue3",0,0,0,0,100,100,0,0]},{"code":230,"indent":0,"parameters":[1]},{"code":231,"indent":0,"parameters":[2,"sulfur2_tongue4",0,0,0,0,100,100,0,0]},{"code":230,"indent":0,"parameters":[1]},{"code":231,"indent":0,"parameters":[2,"sulfur2_tongue5",0,0,0,0,100,100,0,0]},{"code":230,"indent":0,"parameters":[1]},{"code":231,"indent":0,"parameters":[2,"sulfur2_tongue6",0,0,0,0,100,100,0,0]},{"code":230,"indent":0,"parameters":[1]},{"code":231,"indent":0,"parameters":[2,"sulfur2_tongue7",0,0,0,0,100,100,0,0]},{"code":230,"indent":0,"parameters":[1]},{"code":231,"indent":0,"parameters":[2,"sulfur2_tongue8",0,0,0,0,100,100,0,0]},{"code":230,"indent":0,"parameters":[1]},{"code":231,"indent":0,"parameters":[2,"sulfur_appear2",0,0,316,196,100,100,0,0]},{"code":230,"indent":0,"parameters":[1]},{"code":231,"indent":0,"parameters":[2,"sulfur_appear3",0,0,0,0,100,100,0,0]},{"code":230,"indent":0,"parameters":[1]},{"code":231,"indent":0,"parameters":[2,"sulfur_appear4",0,0,0,0,100,100,0,0]},{"code":230,"indent":0,"parameters":[1]},{"code":231,"indent":0,"parameters":[2,"sulfur_appear5",0,0,0,0,100,100,0,0]},{"code":230,"indent":0,"parameters":[1]},{"code":231,"indent":0,"parameters":[2,"sulfur_appear6",0,0,0,0,100,100,0,0]},{"code":230,"indent":0,"parameters":[1]},{"code":231,"indent":0,"parameters":[2,"sulfur_tongue1",0,0,0,0,100,100,0,0]},{"code":230,"indent":0,"parameters":[1]},{"code":231,"indent":0,"parameters":[2,"sulfur_tongue2",0,0,0,0,100,100,0,0]},{"code":230,"indent":0,"parameters":[1]},{"code":231,"indent":0,"parameters":[2,"sulfur_tongue3",0,0,0,0,100,100,0,0]},{"code":230,"indent":0,"parameters":[1]},{"code":231,"indent":0,"parameters":[2,"sulfur_tongue4",0,0,0,0,100,100,0,0]},{"code":230,"indent":0,"parameters":[1]},{"code":231,"indent":0,"parameters":[2,"sulfur_tongue5",0,0,0,0,100,100,0,0]},{"code":230,"indent":0,"parameters":[1]},{"code":231,"indent":0,"parameters":[2,"sulfur_tongue6",0,0,0,0,100,100,0,0]},{"code":230,"indent":0,"parameters":[1]},{"code":231,"indent":0,"parameters":[2,"sulfur_tongue7",0,0,0,0,100,100,0,0]},{"code":230,"indent":0,"parameters":[1]},{"code":231,"indent":0,"parameters":[2,"sulfur_tongue8",0,0,0,0,100,100,0,0]},{"code":230,"indent":0,"parameters":[1]},{"code":231,"indent":0,"parameters":[2,"sulfur_appear1",0,0,0,0,100,100,0,0]},{"code":230,"indent":0,"parameters":[100]},{"code":241,"indent":0,"parameters":[{"name":"all_work_no_play","volume":100,"pitch":100,"pan":0}]},{"code":108,"indent":0,"parameters":["START"]},{"code":232,"indent":0,"parameters":[1,0,1,0,300,380,100,100,255,0,320,true]},{"code":232,"indent":0,"parameters":[1,0,1,0,300,350,100,100,255,0,140,true]},{"code":232,"indent":0,"parameters":[1,0,1,0,300,339,100,100,255,0,80,true]},{"code":232,"indent":0,"parameters":[1,0,1,0,300,340,100,100,255,0,20,true]},{"code":230,"indent":0,"parameters":[100]},{"code":250,"indent":0,"parameters":[{"name":"slime1_429608__chemicalcrux__stroganoff-short-5_01","volume":10,"pitch":80,"pan":0}]},{"code":231,"indent":0,"parameters":[2,"sulfur_appear1",0,0,316,196,100,100,255,0]},{"code":230,"indent":0,"parameters":[20]},{"code":231,"indent":0,"parameters":[2,"sulfur_appear2",0,0,316,196,100,100,255,0]},{"code":230,"indent":0,"parameters":[17]},{"code":231,"indent":0,"parameters":[2,"sulfur_appear3",0,0,316,196,100,100,255,0]},{"code":230,"indent":0,"parameters":[13]},{"code":231,"indent":0,"parameters":[2,"sulfur_appear4",0,0,316,196,100,100,255,0]},{"code":230,"indent":0,"parameters":[10]},{"code":231,"indent":0,"parameters":[2,"sulfur_appear5",0,0,316,196,100,100,255,0]},{"code":230,"indent":0,"parameters":[7]},{"code":250,"indent":0,"parameters":[{"name":"slimy1_461049__dnaudio-uk__broken-egg-squelch_01","volume":20,"pitch":110,"pan":0}]},{"code":231,"indent":0,"parameters":[2,"sulfur_appear6",0,0,316,196,100,100,255,0]},{"code":230,"indent":0,"parameters":[5]},{"code":231,"indent":0,"parameters":[2,"sulfur_tongue3",0,0,316,196,100,100,255,0]},{"code":230,"indent":0,"parameters":[5]},{"code":122,"indent":0,"parameters":[1390,1390,0,0,1]},{"code":122,"indent":0,"parameters":[1815,1815,0,0,1]},{"code":0,"indent":0,"parameters":[]}],"moveFrequency":3,"moveRoute":{"list":[{"code":0,"parameters":[]}],"repeat":true,"skippable":false,"wait":false},"moveSpeed":3,"moveType":0,"priorityType":0,"stepAnime":false,"through":false,"trigger":3,"walkAnime":true},{"conditions":{"actorId":1,"actorValid":false,"itemId":1,"itemValid":false,"selfSwitchCh":"A","selfSwitchValid":false,"switch1Id":1,"switch1Valid":false,"switch2Id":1,"switch2Valid":false,"variableId":1390,"variableValid":true,"variableValue":1},"directionFix":false,"image":{"characterIndex":0,"characterName":"","direction":2,"pattern":0,"tileId":0},"list":[{"code":111,"indent":0,"parameters":[1,1392,0,3,0]},{"code":122,"indent":1,"parameters":[1389,1389,0,0,2]},{"code":0,"indent":1,"parameters":[]},{"code":411,"indent":0,"parameters":[]},{"code":250,"indent":1,"parameters":[{"name":"slime1_429608__chemicalcrux__stroganoff-short-5_01","volume":25,"pitch":100,"pan":0}]},{"code":122,"indent":1,"parameters":[1392,1392,1,0,1]},{"code":231,"indent":1,"parameters":[2,"sulfur_tongue1",0,0,316,196,100,100,255,0]},{"code":230,"indent":1,"parameters":[4]},{"code":231,"indent":1,"parameters":[2,"sulfur_tongue2",0,0,316,196,100,100,255,0]},{"code":230,"indent":1,"parameters":[4]},{"code":231,"indent":1,"parameters":[2,"sulfur_tongue1",0,0,316,196,100,100,255,0]},{"code":230,"indent":1,"parameters":[4]},{"code":231,"indent":1,"parameters":[2,"sulfur_tongue2",0,0,316,196,100,100,255,0]},{"code":230,"indent":1,"parameters":[6]},{"code":231,"indent":1,"parameters":[2,"sulfur_tongue3",0,0,316,196,100,100,255,0]},{"code":230,"indent":1,"parameters":[6]},{"code":231,"indent":1,"parameters":[2,"sulfur_tongue5",0,0,316,196,100,100,255,0]},{"code":230,"indent":1,"parameters":[6]},{"code":250,"indent":1,"parameters":[{"name":"slimy3266014__dasrealized__fast-crawling-bu_01","volume":30,"pitch":50,"pan":0}]},{"code":231,"indent":1,"parameters":[2,"sulfur_tongue4",0,0,316,196,100,100,255,0]},{"code":230,"indent":1,"parameters":[6]},{"code":231,"indent":1,"parameters":[2,"sulfur_tongue8",0,0,316,196,100,100,255,0]},{"code":230,"indent":1,"parameters":[6]},{"code":231,"indent":1,"parameters":[2,"sulfur_tongue7",0,0,316,196,100,100,255,0]},{"code":230,"indent":1,"parameters":[6]},{"code":231,"indent":1,"parameters":[2,"sulfur_tongue6",0,0,316,196,100,100,255,0]},{"code":230,"indent":1,"parameters":[6]},{"code":231,"indent":1,"parameters":[2,"sulfur_tongue7",0,0,316,196,100,100,255,0]},{"code":230,"indent":1,"parameters":[6]},{"code":108,"indent":1,"parameters":[""]},{"code":111,"indent":1,"parameters":[1,1391,0,0,0]},{"code":250,"indent":2,"parameters":[{"name":"slime1_429608__chemicalcrux__stroganoff-short-5_01","volume":20,"pitch":50,"pan":0}]},{"code":122,"indent":2,"parameters":[1391,1391,0,0,1]},{"code":231,"indent":2,"parameters":[2,"sulfur_tongue1",0,0,316,196,100,100,255,0]},{"code":230,"indent":2,"parameters":[4]},{"code":231,"indent":2,"parameters":[2,"sulfur_tongue7",0,0,316,196,100,100,255,0]},{"code":230,"indent":2,"parameters":[4]},{"code":231,"indent":2,"parameters":[2,"sulfur_tongue2",0,0,316,196,100,100,255,0]},{"code":230,"indent":2,"parameters":[4]},{"code":231,"indent":2,"parameters":[2,"sulfur_tongue6",0,0,316,196,100,100,255,0]},{"code":230,"indent":2,"parameters":[4]},{"code":0,"indent":2,"parameters":[]},{"code":411,"indent":1,"parameters":[]},{"code":250,"indent":2,"parameters":[{"name":"slime1_429608__chemicalcrux__stroganoff-short-5_01","volume":20,"pitch":50,"pan":0}]},{"code":122,"indent":2,"parameters":[1391,1391,0,0,0]},{"code":230,"indent":2,"parameters":[4]},{"code":231,"indent":2,"parameters":[2,"sulfur_tongue5",0,0,316,196,100,100,255,0]},{"code":230,"indent":2,"parameters":[4]},{"code":231,"indent":2,"parameters":[2,"sulfur_tongue6",0,0,316,196,100,100,255,0]},{"code":230,"indent":2,"parameters":[4]},{"code":231,"indent":2,"parameters":[2,"sulfur_tongue5",0,0,316,196,100,100,255,0]},{"code":230,"indent":2,"parameters":[4]},{"code":231,"indent":2,"parameters":[2,"sulfur_tongue7",0,0,316,196,100,100,255,0]},{"code":230,"indent":2,"parameters":[4]},{"code":231,"indent":2,"parameters":[2,"sulfur_tongue4",0,0,316,196,100,100,255,0]},{"code":230,"indent":2,"parameters":[4]},{"code":231,"indent":2,"parameters":[2,"sulfur_tongue7",0,0,316,196,100,100,255,0]},{"code":230,"indent":2,"parameters":[4]},{"code":0,"indent":2,"parameters":[]},{"code":412,"indent":1,"parameters":[]},{"code":0,"indent":1,"parameters":[]},{"code":412,"indent":0,"parameters":[]},{"code":0,"indent":0,"parameters":[]}],"moveFrequency":3,"moveRoute":{"list":[{"code":0,"parameters":[]}],"repeat":true,"skippable":false,"wait":false},"moveSpeed":3,"moveType":0,"priorityType":0,"stepAnime":false,"through":false,"trigger":4,"walkAnime":true},{"conditions":{"actorId":1,"actorValid":false,"itemId":1,"itemValid":false,"selfSwitchCh":"A","selfSwitchValid":false,"switch1Id":1,"switch1Valid":false,"switch2Id":1,"switch2Valid":false,"variableId":1389,"variableValid":true,"variableValue":2},"directionFix":false,"image":{"characterIndex":0,"characterName":"","direction":2,"pattern":0,"tileId":0},"list":[{"code":231,"indent":0,"parameters":[1,"sulfur2",1,0,570,340,100,100,255,0]},{"code":231,"indent":0,"parameters":[2,"sulfur2_tongue7",0,0,485,196,100,100,255,0]},{"code":230,"indent":0,"parameters":[4]},{"code":122,"indent":0,"parameters":[1392,1392,0,0,0]},{"code":122,"indent":0,"parameters":[1390,1390,0,0,2]},{"code":122,"indent":0,"parameters":[1815,1815,0,0,1]},{"code":0,"indent":0,"parameters":[]}],"moveFrequency":3,"moveRoute":{"list":[{"code":0,"parameters":[]}],"repeat":true,"skippable":false,"wait":false},"moveSpeed":3,"moveType":0,"priorityType":0,"stepAnime":false,"through":false,"trigger":4,"walkAnime":true},{"conditions":{"actorId":1,"actorValid":false,"itemId":1,"itemValid":false,"selfSwitchCh":"A","selfSwitchValid":false,"switch1Id":1,"switch1Valid":false,"switch2Id":1,"switch2Valid":false,"variableId":1390,"variableValid":true,"variableValue":2},"directionFix":false,"image":{"characterIndex":0,"characterName":"","direction":2,"pattern":0,"tileId":0},"list":[{"code":111,"indent":0,"parameters":[1,1392,0,1,0]},{"code":122,"indent":1,"parameters":[1389,1389,0,0,3]},{"code":0,"indent":1,"parameters":[]},{"code":411,"indent":0,"parameters":[]},{"code":122,"indent":1,"parameters":[1392,1392,1,0,1]},{"code":231,"indent":1,"parameters":[2,"sulfur2_tongue1",0,0,485,196,100,100,255,0]},{"code":230,"indent":1,"parameters":[4]},{"code":250,"indent":1,"parameters":[{"name":"slimy1_461049__dnaudio-uk__broken-egg-squelch_01","volume":15,"pitch":90,"pan":0}]},{"code":231,"indent":1,"parameters":[2,"sulfur2_tongue2",0,0,485,196,100,100,255,0]},{"code":230,"indent":1,"parameters":[4]},{"code":231,"indent":1,"parameters":[2,"sulfur2_tongue1",0,0,485,196,100,100,255,0]},{"code":230,"indent":1,"parameters":[4]},{"code":231,"indent":1,"parameters":[2,"sulfur2_tongue2",0,0,485,196,100,100,255,0]},{"code":230,"indent":1,"parameters":[6]},{"code":250,"indent":1,"parameters":[{"name":"slimy1_461049__dnaudio-uk__broken-egg-squelch_01","volume":15,"pitch":90,"pan":0}]},{"code":231,"indent":1,"parameters":[2,"sulfur2_tongue3",0,0,485,196,100,100,255,0]},{"code":230,"indent":1,"parameters":[6]},{"code":231,"indent":1,"parameters":[2,"sulfur2_tongue5",0,0,485,196,100,100,255,0]},{"code":230,"indent":1,"parameters":[6]},{"code":231,"indent":1,"parameters":[2,"sulfur2_tongue4",0,0,485,196,100,100,255,0]},{"code":230,"indent":1,"parameters":[6]},{"code":231,"indent":1,"parameters":[2,"sulfur2_tongue8",0,0,485,196,100,100,255,0]},{"code":230,"indent":1,"parameters":[6]},{"code":231,"indent":1,"parameters":[2,"sulfur2_tongue7",0,0,485,196,100,100,255,0]},{"code":230,"indent":1,"parameters":[6]},{"code":0,"indent":1,"parameters":[]},{"code":412,"indent":0,"parameters":[]},{"code":0,"indent":0,"parameters":[]}],"moveFrequency":3,"moveRoute":{"list":[{"code":0,"parameters":[]}],"repeat":true,"skippable":false,"wait":false},"moveSpeed":3,"moveType":0,"priorityType":0,"stepAnime":false,"through":false,"trigger":4,"walkAnime":true},{"conditions":{"actorId":1,"actorValid":false,"itemId":1,"itemValid":false,"selfSwitchCh":"A","selfSwitchValid":false,"switch1Id":1,"switch1Valid":false,"switch2Id":1,"switch2Valid":false,"variableId":1389,"variableValid":true,"variableValue":3},"directionFix":false,"image":{"characterIndex":0,"characterName":"","direction":2,"pattern":0,"tileId":0},"list":[{"code":231,"indent":0,"parameters":[1,"sulfur",1,0,300,340,100,100,255,0]},{"code":231,"indent":0,"parameters":[2,"sulfur_tongue7",0,0,316,196,100,100,255,0]},{"code":230,"indent":0,"parameters":[4]},{"code":122,"indent":0,"parameters":[1815,1815,0,0,1]},{"code":111,"indent":0,"parameters":[1,1393,0,1,0]},{"code":122,"indent":1,"parameters":[1392,1392,0,0,0]},{"code":122,"indent":1,"parameters":[1390,1390,0,0,1]},{"code":122,"indent":1,"parameters":[1393,1393,0,0,0]},{"code":122,"indent":1,"parameters":[1389,1389,0,0,1]},{"code":0,"indent":1,"parameters":[]},{"code":411,"indent":0,"parameters":[]},{"code":122,"indent":1,"parameters":[1393,1393,0,0,1]},{"code":122,"indent":1,"parameters":[1392,1392,0,0,0]},{"code":122,"indent":1,"parameters":[1390,1390,0,0,3]},{"code":0,"indent":1,"parameters":[]},{"code":412,"indent":0,"parameters":[]},{"code":0,"indent":0,"parameters":[]}],"moveFrequency":3,"moveRoute":{"list":[{"code":0,"parameters":[]}],"repeat":true,"skippable":false,"wait":false},"moveSpeed":3,"moveType":0,"priorityType":0,"stepAnime":false,"through":false,"trigger":4,"walkAnime":true},{"conditions":{"actorId":1,"actorValid":false,"itemId":1,"itemValid":false,"selfSwitchCh":"A","selfSwitchValid":false,"switch1Id":1,"switch1Valid":false,"switch2Id":1,"switch2Valid":false,"variableId":1390,"variableValid":true,"variableValue":3},"directionFix":false,"image":{"characterIndex":0,"characterName":"","direction":2,"pattern":0,"tileId":0},"list":[{"code":111,"indent":0,"parameters":[1,1392,0,1,0]},{"code":122,"indent":1,"parameters":[1389,1389,0,0,4]},{"code":0,"indent":1,"parameters":[]},{"code":411,"indent":0,"parameters":[]},{"code":122,"indent":1,"parameters":[1392,1392,1,0,1]},{"code":231,"indent":1,"parameters":[2,"sulfur_tongue1",0,0,316,196,100,100,255,0]},{"code":230,"indent":1,"parameters":[4]},{"code":231,"indent":1,"parameters":[2,"sulfur_tongue2",0,0,316,196,100,100,255,0]},{"code":230,"indent":1,"parameters":[4]},{"code":231,"indent":1,"parameters":[2,"sulfur_tongue1",0,0,316,196,100,100,255,0]},{"code":230,"indent":1,"parameters":[4]},{"code":231,"indent":1,"parameters":[2,"sulfur_tongue2",0,0,316,196,100,100,255,0]},{"code":230,"indent":1,"parameters":[6]},{"code":231,"indent":1,"parameters":[2,"sulfur_tongue3",0,0,316,196,100,100,255,0]},{"code":230,"indent":1,"parameters":[6]},{"code":231,"indent":1,"parameters":[2,"sulfur_tongue5",0,0,316,196,100,100,255,0]},{"code":230,"indent":1,"parameters":[6]},{"code":250,"indent":1,"parameters":[{"name":"slimy3266014__dasrealized__fast-crawling-bu_01","volume":30,"pitch":60,"pan":0}]},{"code":231,"indent":1,"parameters":[2,"sulfur_tongue4",0,0,316,196,100,100,255,0]},{"code":230,"indent":1,"parameters":[6]},{"code":231,"indent":1,"parameters":[2,"sulfur_tongue8",0,0,316,196,100,100,255,0]},{"code":230,"indent":1,"parameters":[6]},{"code":231,"indent":1,"parameters":[2,"sulfur_tongue7",0,0,316,196,100,100,255,0]},{"code":230,"indent":1,"parameters":[6]},{"code":231,"indent":1,"parameters":[2,"sulfur_tongue6",0,0,316,196,100,100,255,0]},{"code":230,"indent":1,"parameters":[6]},{"code":231,"indent":1,"parameters":[2,"sulfur_tongue7",0,0,316,196,100,100,255,0]},{"code":230,"indent":1,"parameters":[6]},{"code":108,"indent":1,"parameters":[""]},{"code":0,"indent":1,"parameters":[]},{"code":412,"indent":0,"parameters":[]},{"code":0,"indent":0,"parameters":[]}],"moveFrequency":3,"moveRoute":{"list":[{"code":0,"parameters":[]}],"repeat":true,"skippable":false,"wait":false},"moveSpeed":3,"moveType":0,"priorityType":0,"stepAnime":false,"through":false,"trigger":4,"walkAnime":true},{"conditions":{"actorId":1,"actorValid":false,"itemId":1,"itemValid":false,"selfSwitchCh":"A","selfSwitchValid":false,"switch1Id":1,"switch1Valid":false,"switch2Id":1,"switch2Valid":false,"variableId":1389,"variableValid":true,"variableValue":4},"directionFix":false,"image":{"characterIndex":0,"characterName":"","direction":2,"pattern":0,"tileId":0},"list":[{"code":231,"indent":0,"parameters":[1,"sulfur2",1,0,570,340,100,100,255,0]},{"code":231,"indent":0,"parameters":[2,"sulfur2_tongue7",0,0,485,196,100,100,255,0]},{"code":230,"indent":0,"parameters":[4]},{"code":122,"indent":0,"parameters":[1815,1815,0,0,1]},{"code":122,"indent":0,"parameters":[1392,1392,0,0,0]},{"code":122,"indent":0,"parameters":[1390,1390,0,0,4]},{"code":0,"indent":0,"parameters":[]}],"moveFrequency":3,"moveRoute":{"list":[{"code":0,"parameters":[]}],"repeat":true,"skippable":false,"wait":false},"moveSpeed":3,"moveType":0,"priorityType":0,"stepAnime":false,"through":false,"trigger":4,"walkAnime":true},{"conditions":{"actorId":1,"actorValid":false,"itemId":1,"itemValid":false,"selfSwitchCh":"A","selfSwitchValid":false,"switch1Id":1,"switch1Valid":false,"switch2Id":1,"switch2Valid":false,"variableId":1390,"variableValid":true,"variableValue":4},"directionFix":false,"image":{"characterIndex":0,"characterName":"","direction":2,"pattern":0,"tileId":0},"list":[{"code":122,"indent":0,"parameters":[1394,1394,1,0,1]},{"code":111,"indent":0,"parameters":[1,1392,0,1,0]},{"code":122,"indent":1,"parameters":[1390,1390,0,0,2]},{"code":122,"indent":1,"parameters":[1389,1389,0,0,3]},{"code":0,"indent":1,"parameters":[]},{"code":411,"indent":0,"parameters":[]},{"code":122,"indent":1,"parameters":[1392,1392,1,0,1]},{"code":250,"indent":1,"parameters":[{"name":"slimy1_461049__dnaudio-uk__broken-egg-squelch_01","volume":10,"pitch":100,"pan":0}]},{"code":231,"indent":1,"parameters":[2,"sulfur2_tongue1",0,0,485,196,100,100,255,0]},{"code":230,"indent":1,"parameters":[4]},{"code":231,"indent":1,"parameters":[2,"sulfur2_tongue2",0,0,485,196,100,100,255,0]},{"code":230,"indent":1,"parameters":[4]},{"code":231,"indent":1,"parameters":[2,"sulfur2_tongue1",0,0,485,196,100,100,255,0]},{"code":230,"indent":1,"parameters":[4]},{"code":231,"indent":1,"parameters":[2,"sulfur2_tongue2",0,0,485,196,100,100,255,0]},{"code":230,"indent":1,"parameters":[6]},{"code":250,"indent":1,"parameters":[{"name":"slimy3266014__dasrealized__fast-crawling-bu_01","volume":30,"pitch":50,"pan":0}]},{"code":231,"indent":1,"parameters":[2,"sulfur2_tongue3",0,0,485,196,100,100,255,0]},{"code":230,"indent":1,"parameters":[6]},{"code":231,"indent":1,"parameters":[2,"sulfur2_tongue5",0,0,485,196,100,100,255,0]},{"code":230,"indent":1,"parameters":[6]},{"code":231,"indent":1,"parameters":[2,"sulfur2_tongue4",0,0,485,196,100,100,255,0]},{"code":230,"indent":1,"parameters":[6]},{"code":231,"indent":1,"parameters":[2,"sulfur2_tongue8",0,0,485,196,100,100,255,0]},{"code":230,"indent":1,"parameters":[6]},{"code":0,"indent":1,"parameters":[]},{"code":412,"indent":0,"parameters":[]},{"code":0,"indent":0,"parameters":[]}],"moveFrequency":3,"moveRoute":{"list":[{"code":0,"parameters":[]}],"repeat":true,"skippable":false,"wait":false},"moveSpeed":3,"moveType":0,"priorityType":0,"stepAnime":false,"through":false,"trigger":4,"walkAnime":true},{"conditions":{"actorId":1,"actorValid":false,"itemId":1,"itemValid":false,"selfSwitchCh":"A","selfSwitchValid":false,"switch1Id":1,"switch1Valid":false,"switch2Id":1,"switch2Valid":false,"variableId":1814,"variableValid":true,"variableValue":1},"directionFix":false,"image":{"characterIndex":0,"characterName":"","direction":2,"pattern":0,"tileId":0},"list":[{"code":231,"indent":0,"parameters":[1,"ending_logic",0,0,0,0,100,100,0,0]},{"code":232,"indent":0,"parameters":[1,0,0,0,0,0,100,100,255,0,380,false]},{"code":122,"indent":0,"parameters":[1814,1814,0,0,2]},{"code":122,"indent":0,"parameters":[1396,1396,0,0,1]},{"code":0,"indent":0,"parameters":[]}],"moveFrequency":3,"moveRoute":{"list":[{"code":0,"parameters":[]}],"repeat":true,"skippable":false,"wait":false},"moveSpeed":3,"moveType":0,"priorityType":0,"stepAnime":false,"through":false,"trigger":3,"walkAnime":true},{"conditions":{"actorId":1,"actorValid":false,"itemId":1,"itemValid":false,"selfSwitchCh":"A","selfSwitchValid":false,"switch1Id":1,"switch1Valid":false,"switch2Id":1,"switch2Valid":false,"variableId":1814,"variableValid":true,"variableValue":2},"directionFix":false,"image":{"characterIndex":0,"characterName":"","direction":2,"pattern":0,"tileId":0},"list":[{"code":122,"indent":0,"parameters":[1815,1815,0,0,1]},{"code":230,"indent":0,"parameters":[999]},{"code":0,"indent":0,"parameters":[]}],"moveFrequency":3,"moveRoute":{"list":[{"code":0,"parameters":[]}],"repeat":true,"skippable":false,"wait":false},"moveSpeed":3,"moveType":0,"priorityType":0,"stepAnime":false,"through":false,"trigger":4,"walkAnime":true}],"x":8,"y":5},
{"id":3,"name":"ending_b_text","note":"","pages":[{"conditions":{"actorId":1,"actorValid":false,"itemId":1,"itemValid":false,"selfSwitchCh":"A","selfSwitchValid":false,"switch1Id":1,"switch1Valid":false,"switch2Id":1,"switch2Valid":false,"variableId":1395,"variableValid":true,"variableValue":1},"directionFix":false,"image":{"characterIndex":0,"characterName":"","direction":2,"pattern":0,"tileId":0},"list":[{"code":231,"indent":0,"parameters":[4,"ending_text_B",0,0,430,430,100,100,0,0]},{"code":231,"indent":0,"parameters":[5,"ending_text_B2",0,0,430,430,100,100,0,0]},{"code":232,"indent":0,"parameters":[4,0,0,0,430,430,100,100,255,0,130,false]},{"code":230,"indent":0,"parameters":[180]},{"code":250,"indent":0,"parameters":[{"name":"day_break2","volume":30,"pitch":100,"pan":40}]},{"code":230,"indent":0,"parameters":[15]},{"code":232,"indent":0,"parameters":[5,0,0,0,430,430,100,100,255,0,5,true]},{"code":230,"indent":0,"parameters":[200]},{"code":123,"indent":0,"parameters":["A",0]},{"code":0,"indent":0,"parameters":[]}],"moveFrequency":3,"moveRoute":{"list":[{"code":0,"parameters":[]}],"repeat":true,"skippable":false,"wait":false},"moveSpeed":3,"moveType":0,"priorityType":0,"stepAnime":false,"through":false,"trigger":4,"walkAnime":true},{"conditions":{"actorId":1,"actorValid":false,"itemId":1,"itemValid":false,"selfSwitchCh":"A","selfSwitchValid":true,"switch1Id":1,"switch1Valid":false,"switch2Id":1,"switch2Valid":false,"variableId":1,"variableValid":false,"variableValue":0},"directionFix":false,"image":{"characterIndex":0,"characterName":"","direction":2,"pattern":0,"tileId":0},"list":[{"code":0,"indent":0,"parameters":[]}],"moveFrequency":3,"moveRoute":{"list":[{"code":0,"parameters":[]}],"repeat":true,"skippable":false,"wait":false},"moveSpeed":3,"moveType":0,"priorityType":0,"stepAnime":false,"through":false,"trigger":0,"walkAnime":true}],"x":8,"y":3},
{"id":4,"name":"ending_a_text","note":"","pages":[{"conditions":{"actorId":1,"actorValid":false,"itemId":1,"itemValid":false,"selfSwitchCh":"A","selfSwitchValid":false,"switch1Id":1,"switch1Valid":false,"switch2Id":1,"switch2Valid":false,"variableId":1396,"variableValid":true,"variableValue":1},"directionFix":false,"image":{"characterIndex":0,"characterName":"","direction":2,"pattern":0,"tileId":0},"list":[{"code":231,"indent":0,"parameters":[4,"ending_text_A",0,0,0,0,100,100,0,0]},{"code":231,"indent":0,"parameters":[5,"ending_text_A2",0,0,0,0,100,100,0,0]},{"code":232,"indent":0,"parameters":[4,0,0,0,0,0,100,100,255,0,130,false]},{"code":232,"indent":0,"parameters":[5,0,0,0,0,0,100,100,255,0,200,true]},{"code":123,"indent":0,"parameters":["A",0]},{"code":0,"indent":0,"parameters":[]}],"moveFrequency":3,"moveRoute":{"list":[{"code":0,"parameters":[]}],"repeat":true,"skippable":false,"wait":false},"moveSpeed":3,"moveType":0,"priorityType":0,"stepAnime":false,"through":false,"trigger":4,"walkAnime":true},{"conditions":{"actorId":1,"actorValid":false,"itemId":1,"itemValid":false,"selfSwitchCh":"A","selfSwitchValid":true,"switch1Id":1,"switch1Valid":false,"switch2Id":1,"switch2Valid":false,"variableId":1,"variableValid":false,"variableValue":0},"directionFix":false,"image":{"characterIndex":0,"characterName":"","direction":2,"pattern":0,"tileId":0},"list":[{"code":0,"indent":0,"parameters":[]}],"moveFrequency":3,"moveRoute":{"list":[{"code":0,"parameters":[]}],"repeat":true,"skippable":false,"wait":false},"moveSpeed":3,"moveType":0,"priorityType":0,"stepAnime":false,"through":false,"trigger":0,"walkAnime":true}],"x":6,"y":3},
{"id":5,"name":"EV005","note":"","pages":[{"conditions":{"actorId":1,"actorValid":false,"itemId":1,"itemValid":false,"selfSwitchCh":"A","selfSwitchValid":false,"switch1Id":1,"switch1Valid":false,"switch2Id":1,"switch2Valid":false,"variableId":1815,"variableValid":true,"variableValue":1},"directionFix":false,"image":{"characterIndex":0,"characterName":"","direction":2,"pattern":0,"tileId":0},"list":[{"code":230,"indent":0,"parameters":[500]},{"code":246,"indent":0,"parameters":[6]},{"code":230,"indent":0,"parameters":[60]},{"code":231,"indent":0,"parameters":[70,"blackscreen",0,0,0,0,100,100,0,0]},{"code":232,"indent":0,"parameters":[70,0,0,0,0,0,100,100,255,0,200,true]},{"code":235,"indent":0,"parameters":[1]},{"code":235,"indent":0,"parameters":[2]},{"code":235,"indent":0,"parameters":[3]},{"code":201,"indent":0,"parameters":[0,161,5,5,0,0]},{"code":0,"indent":0,"parameters":[]}],"moveFrequency":3,"moveRoute":{"list":[{"code":0,"parameters":[]}],"repeat":true,"skippable":false,"wait":false},"moveSpeed":3,"moveType":0,"priorityType":0,"stepAnime":false,"through":false,"trigger":4,"walkAnime":true}],"x":8,"y":1}
]
}