{
"autoplayBgm":true,"autoplayBgs":true,"battleback1Name":"","battleback2Name":"","bgm":{"name":"","pan":0,"pitch":100,"volume":90},"bgs":{"name":"","pan":0,"pitch":100,"volume":90},"disableDashing":false,"displayName":"","encounterList":[],"encounterStep":30,"height":13,"note":"","parallaxLoopX":false,"parallaxLoopY":false,"parallaxName":"white_background","parallaxShow":true,"parallaxSx":0,"parallaxSy":0,"scrollType":0,"specifyBattleback":false,"tilesetId":1,"width":17,
"data":[0,0,0,0,0,0,0,0,0,0,0,0,0,0,0,0,0,0,0,0,0,0,0,0,0,0,0,0,0,0,0,0,0,0,0,0,0,0,0,0,0,0,0,0,0,0,0,0,0,0,0,0,0,0,0,0,0,0,0,0,0,0,0,0,0,0,0,0,0,0,0,0,0,0,0,0,0,0,0,0,0,0,0,0,0,0,0,0,0,0,0,0,0,0,0,0,0,0,0,0,0,0,0,0,0,0,0,0,0,0,0,0,0,0,0,0,0,0,0,0,0,0,0,0,0,0,0,0,0,0,0,0,0,0,0,0,0,0,0,0,0,0,0,0,0,0,0,0,0,0,0,0,0,0,0,0,0,0,0,0,0,0,0,0,0,0,0,0,0,0,0,0,0,0,0,0,0,0,0,0,0,0,0,0,0,0,0,0,0,0,0,0,0,0,0,0,0,0,0,0,0,0,0,0,0,0,0,0,0,0,0,0,0,0,0,0,0,0,0,0,0,0,0,0,0,0,0,0,0,0,0,0,0,0,0,0,0,0,0,0,0,0,0,0,0,0,0,0,0,0,0,0,0,0,0,0,0,0,0,0,0,0,0,0,0,0,0,0,0,0,0,0,0,0,0,0,0,0,0,0,0,0,0,0,0,0,0,0,0,0,0,0,0,0,0,0,0,0,0,0,0,0,0,0,0,0,0,0,0,0,0,0,0,0,0,0,0,0,0,0,0,0,0,0,0,0,0,0,0,0,0,0,0,0,0,0,0,0,0,0,0,0,0,0,0,0,0,0,0,0,0,0,0,0,0,0,0,0,0,0,0,0,0,0,0,0,0,0,0,0,0,0,0,0,0,0,0,0,0,0,0,0,0,0,0,0,0,0,0,0,0,0,0,0,0,0,0,0,0,0,0,0,0,0,0,0,0,0,0,0,0,0,0,0,0,0,0,0,0,0,0,0,0,0,0,0,0,0,0,0,0,0,0,0,0,0,0,0,0,0,0,0,0,0,0,0,0,0,0,0,0,0,0,0,0,0,0,0,0,0,0,0,0,0,0,0,0,0,0,0,0,0,0,0,0,0,0,0,0,0,0,0,0,0,0,0,0,0,0,0,0,0,0,0,0,0,0,0,0,0,0,0,0,0,0,0,0,0,0,0,0,0,0,0,0,0,0,0,0,0,0,0,0,0,0,0,0,0,0,0,0,0,0,0,0,0,0,0,0,0,0,0,0,0,0,0,0,0,0,0,0,0,0,0,0,0,0,0,0,0,0,0,0,0,0,0,0,0,0,0,0,0,0,0,0,0,0,0,0,0,0,0,0,0,0,0,0,0,0,0,0,0,0,0,0,0,0,0,0,0,0,0,0,0,0,0,0,0,0,0,0,0,0,0,0,0,0,0,0,0,0,0,0,0,0,0,0,0,0,0,0,0,0,0,0,0,0,0,0,0,0,0,0,0,0,0,0,0,0,0,0,0,0,0,0,0,0,0,0,0,0,0,0,0,0,0,0,0,0,0,0,0,0,0,0,0,0,0,0,0,0,0,0,0,0,0,0,0,0,0,0,0,0,0,0,0,0,0,0,0,0,0,0,0,0,0,0,0,0,0,0,0,0,0,0,0,0,0,0,0,0,0,0,0,0,0,0,0,0,0,0,0,0,0,0,0,0,0,0,0,0,0,0,0,0,0,0,0,0,0,0,0,0,0,0,0,0,0,0,0,0,0,0,0,0,0,0,0,0,0,0,0,0,0,0,0,0,0,0,0,0,0,0,0,0,0,0,0,0,0,0,0,0,0,0,0,0,0,0,0,0,0,0,0,0,0,0,0,0,0,0,0,0,0,0,0,0,0,0,0,0,0,0,0,0,0,0,0,0,0,0,0,0,0,0,0,0,0,0,0,0,0,0,0,0,0,0,0,0,0,0,0,0,0,0,0,0,0,0,0,0,0,0,0,0,0,0,0,0,0,0,0,0,0,0,0,0,0,0,0,0,0,0,0,0,0,0,0,0,0,0,0,0,0,0,0,0,0,0,0,0,0,0,0,0,0,0,0,0,0,0,0,0,0,0,0,0,0,0,0,0,0,0,0,0,0,0,0,0,0,0,0,0,0,0,0,0,0,0,0,0,0,0,0,0,0,0,0,0,0,0,0,0,0,0,0,0,0,0,0,0,0,0,0,0,0,0,0,0,0,0,0,0,0,0,0,0,0,0,0,0,0,0,0,0,0,0,0,0,0,0,0,0,0,0,0,0,0,0,0,0,0,0,0,0,0,0,0,0,0,0,0,0,0,0,0,0,0,0,0,0,0,0,0,0,0,0,0,0,0,0,0,0,0,0,0,0,0,0,0,0,0,0,0,0,0,0,0,0,0,0,0,0,0,0,0,0,0,0,0,0,0,0,0,0,0,0,0,0,0,0,0,0,0,0,0,0,0,0,0,0,0,0,0,0,0,0,0,0,0,0,0,0,0,0,0,0,0,0,0,0,0,0,0,0,0,0,0,0,0,0,0,0,0,0,0,0,0,0,0,0,0,0,0,0,0,0,0,0,0,0,0,0,0,0,0,0,0,0,0,0,0,0,0,0,0,0,0,0,0,0,0,0,0,0,0,0,0,0,0,0,0,0,0,0,0,0,0,0,0,0,0,0,0,0,0,0,0,0,0,0,0,0,0,0,0,0,0,0,0,0,0,0,0,0,0,0,0,0,0,0,0,0,0,0,0,0,0,0,0,0,0,0,0,0,0,0,0,0,0,0,0,0,0,0,0,0,0,0,0,0,0,0,0,0,0,0,0,0,0,0,0,0,0,0,0,0,0,0,0,0,0,0,0,0,0,0,0,0,0,0,0,0,0,0,0,0,0,0,0,0,0,0,0,0,0,0,0,0,0,0,0,0,0,0,0,0,0,0,0,0,0,0,0,0,0,0,0,0,0,0,0,0,0,0,0,0,0,0,0,0,0,0,0,0,0,0,0,0,0,0,0,0,0,0,0],
"events":[
null,
{"id":1,"name":"EV001","note":"","pages":[{"conditions":{"actorId":1,"actorValid":false,"itemId":1,"itemValid":false,"selfSwitchCh":"A","selfSwitchValid":false,"switch1Id":1,"switch1Valid":false,"switch2Id":1,"switch2Valid":false,"variableId":1,"variableValid":false,"variableValue":0},"directionFix":false,"image":{"characterIndex":0,"characterName":"","direction":2,"pattern":0,"tileId":0},"list":[{"code":0,"indent":0,"parameters":[]}],"moveFrequency":3,"moveRoute":{"list":[{"code":0,"parameters":[]}],"repeat":true,"skippable":false,"wait":false},"moveSpeed":3,"moveType":0,"priorityType":1,"stepAnime":false,"through":false,"trigger":0,"walkAnime":true}],"x":8,"y":5},
{"id":2,"name":"EV002","note":"","pages":[{"conditions":{"actorId":1,"actorValid":false,"itemId":1,"itemValid":false,"selfSwitchCh":"A","selfSwitchValid":false,"switch1Id":1,"switch1Valid":false,"switch2Id":1,"switch2Valid":false,"variableId":1,"variableValid":false,"variableValue":0},"directionFix":false,"image":{"characterIndex":0,"characterName":"","direction":2,"pattern":0,"tileId":0},"list":[{"code":0,"indent":0,"parameters":[]}],"moveFrequency":3,"moveRoute":{"list":[{"code":0,"parameters":[]}],"repeat":true,"skippable":false,"wait":false},"moveSpeed":3,"moveType":0,"priorityType":1,"stepAnime":false,"through":false,"trigger":0,"walkAnime":true}],"x":7,"y":6},
{"id":3,"name":"EV003","note":"","pages":[{"conditions":{"actorId":1,"actorValid":false,"itemId":1,"itemValid":false,"selfSwitchCh":"A","selfSwitchValid":false,"switch1Id":1,"switch1Valid":false,"switch2Id":1,"switch2Valid":false,"variableId":1,"variableValid":false,"variableValue":0},"directionFix":false,"image":{"characterIndex":0,"characterName":"","direction":2,"pattern":0,"tileId":0},"list":[{"code":0,"indent":0,"parameters":[]}],"moveFrequency":3,"moveRoute":{"list":[{"code":0,"parameters":[]}],"repeat":true,"skippable":false,"wait":false},"moveSpeed":3,"moveType":0,"priorityType":1,"stepAnime":false,"through":false,"trigger":0,"walkAnime":true}],"x":9,"y":6},
{"id":4,"name":"EV004","note":"","pages":[{"conditions":{"actorId":1,"actorValid":false,"itemId":1,"itemValid":false,"selfSwitchCh":"A","selfSwitchValid":false,"switch1Id":1,"switch1Valid":false,"switch2Id":1,"switch2Valid":false,"variableId":1,"variableValid":false,"variableValue":0},"directionFix":false,"image":{"characterIndex":0,"characterName":"","direction":2,"pattern":0,"tileId":0},"list":[{"code":0,"indent":0,"parameters":[]}],"moveFrequency":3,"moveRoute":{"list":[{"code":0,"parameters":[]}],"repeat":true,"skippable":false,"wait":false},"moveSpeed":3,"moveType":0,"priorityType":1,"stepAnime":false,"through":false,"trigger":0,"walkAnime":true}],"x":8,"y":7},
{"id":5,"name":"marcoh_transform","note":"","pages":[{"conditions":{"actorId":1,"actorValid":false,"itemId":1,"itemValid":false,"selfSwitchCh":"A","selfSwitchValid":false,"switch1Id":2403,"switch1Valid":true,"switch2Id":1,"switch2Valid":false,"variableId":1069,"variableValid":true,"variableValue":2},"directionFix":true,"image":{"tileId":0,"characterName":"$transform_marcoh1","direction":2,"pattern":2,"characterIndex":0},"list":[{"code":0,"indent":0,"parameters":[]}],"moveFrequency":3,"moveRoute":{"list":[{"code":0,"parameters":[]}],"repeat":true,"skippable":false,"wait":false},"moveSpeed":3,"moveType":0,"priorityType":1,"stepAnime":false,"through":false,"trigger":0,"walkAnime":true},{"conditions":{"actorId":1,"actorValid":false,"itemId":1,"itemValid":false,"selfSwitchCh":"A","selfSwitchValid":false,"switch1Id":2403,"switch1Valid":true,"switch2Id":1,"switch2Valid":false,"variableId":1069,"variableValid":true,"variableValue":3},"directionFix":true,"image":{"tileId":0,"characterName":"$transform_marcoh1","direction":4,"pattern":0,"characterIndex":0},"list":[{"code":0,"indent":0,"parameters":[]}],"moveFrequency":3,"moveRoute":{"list":[{"code":0,"parameters":[]}],"repeat":true,"skippable":false,"wait":false},"moveSpeed":3,"moveType":0,"priorityType":1,"stepAnime":false,"through":false,"trigger":0,"walkAnime":true},{"conditions":{"actorId":1,"actorValid":false,"itemId":1,"itemValid":false,"selfSwitchCh":"A","selfSwitchValid":false,"switch1Id":2403,"switch1Valid":true,"switch2Id":1,"switch2Valid":false,"variableId":1069,"variableValid":true,"variableValue":4},"directionFix":true,"image":{"tileId":0,"characterName":"$transform_marcoh1","direction":4,"pattern":1,"characterIndex":0},"list":[{"code":0,"indent":0,"parameters":[]}],"moveFrequency":3,"moveRoute":{"list":[{"code":0,"parameters":[]}],"repeat":true,"skippable":false,"wait":false},"moveSpeed":3,"moveType":0,"priorityType":1,"stepAnime":false,"through":false,"trigger":0,"walkAnime":true},{"conditions":{"actorId":1,"actorValid":false,"itemId":1,"itemValid":false,"selfSwitchCh":"A","selfSwitchValid":false,"switch1Id":2403,"switch1Valid":true,"switch2Id":1,"switch2Valid":false,"variableId":1069,"variableValid":true,"variableValue":5},"directionFix":true,"image":{"tileId":0,"characterName":"$transform_marcoh1","direction":4,"pattern":2,"characterIndex":0},"list":[{"code":0,"indent":0,"parameters":[]}],"moveFrequency":3,"moveRoute":{"list":[{"code":0,"parameters":[]}],"repeat":true,"skippable":false,"wait":false},"moveSpeed":3,"moveType":0,"priorityType":1,"stepAnime":false,"through":false,"trigger":0,"walkAnime":true},{"conditions":{"actorId":1,"actorValid":false,"itemId":1,"itemValid":false,"selfSwitchCh":"A","selfSwitchValid":false,"switch1Id":2403,"switch1Valid":true,"switch2Id":1,"switch2Valid":false,"variableId":1069,"variableValid":true,"variableValue":6},"directionFix":true,"image":{"tileId":0,"characterName":"$transform_marcoh1","direction":6,"pattern":0,"characterIndex":0},"list":[{"code":0,"indent":0,"parameters":[]}],"moveFrequency":3,"moveRoute":{"list":[{"code":0,"parameters":[]}],"repeat":true,"skippable":false,"wait":false},"moveSpeed":3,"moveType":0,"priorityType":1,"stepAnime":false,"through":false,"trigger":0,"walkAnime":true},{"conditions":{"actorId":1,"actorValid":false,"itemId":1,"itemValid":false,"selfSwitchCh":"A","selfSwitchValid":false,"switch1Id":2403,"switch1Valid":true,"switch2Id":1,"switch2Valid":false,"variableId":1069,"variableValid":true,"variableValue":7},"directionFix":true,"image":{"tileId":0,"characterName":"$transform_marcoh1","direction":6,"pattern":1,"characterIndex":0},"list":[{"code":0,"indent":0,"parameters":[]}],"moveFrequency":3,"moveRoute":{"list":[{"code":0,"parameters":[]}],"repeat":true,"skippable":false,"wait":false},"moveSpeed":3,"moveType":0,"priorityType":1,"stepAnime":false,"through":false,"trigger":0,"walkAnime":true},{"conditions":{"actorId":1,"actorValid":false,"itemId":1,"itemValid":false,"selfSwitchCh":"A","selfSwitchValid":false,"switch1Id":2403,"switch1Valid":true,"switch2Id":1,"switch2Valid":false,"variableId":1069,"variableValid":true,"variableValue":8},"directionFix":true,"image":{"tileId":0,"characterName":"$transform_marcoh1","direction":6,"pattern":2,"characterIndex":0},"list":[{"code":0,"indent":0,"parameters":[]}],"moveFrequency":3,"moveRoute":{"list":[{"code":0,"parameters":[]}],"repeat":true,"skippable":false,"wait":false},"moveSpeed":3,"moveType":0,"priorityType":1,"stepAnime":false,"through":false,"trigger":0,"walkAnime":true},{"conditions":{"actorId":1,"actorValid":false,"itemId":1,"itemValid":false,"selfSwitchCh":"A","selfSwitchValid":false,"switch1Id":2403,"switch1Valid":true,"switch2Id":1,"switch2Valid":false,"variableId":1069,"variableValid":true,"variableValue":9},"directionFix":true,"image":{"tileId":0,"characterName":"$transform_marcoh1","direction":8,"pattern":0,"characterIndex":0},"list":[{"code":0,"indent":0,"parameters":[]}],"moveFrequency":3,"moveRoute":{"list":[{"code":0,"parameters":[]}],"repeat":true,"skippable":false,"wait":false},"moveSpeed":3,"moveType":0,"priorityType":1,"stepAnime":false,"through":false,"trigger":0,"walkAnime":true},{"conditions":{"actorId":1,"actorValid":false,"itemId":1,"itemValid":false,"selfSwitchCh":"A","selfSwitchValid":false,"switch1Id":2403,"switch1Valid":true,"switch2Id":1,"switch2Valid":false,"variableId":1069,"variableValid":true,"variableValue":10},"directionFix":true,"image":{"tileId":0,"characterName":"$transform_marcoh1","direction":8,"pattern":1,"characterIndex":0},"list":[{"code":0,"indent":0,"parameters":[]}],"moveFrequency":3,"moveRoute":{"list":[{"code":0,"parameters":[]}],"repeat":true,"skippable":false,"wait":false},"moveSpeed":3,"moveType":0,"priorityType":1,"stepAnime":false,"through":false,"trigger":0,"walkAnime":true},{"conditions":{"actorId":1,"actorValid":false,"itemId":1,"itemValid":false,"selfSwitchCh":"A","selfSwitchValid":false,"switch1Id":2403,"switch1Valid":true,"switch2Id":1,"switch2Valid":false,"variableId":1069,"variableValid":true,"variableValue":11},"directionFix":true,"image":{"tileId":0,"characterName":"$transform_marcoh1","direction":8,"pattern":2,"characterIndex":0},"list":[{"code":0,"indent":0,"parameters":[]}],"moveFrequency":3,"moveRoute":{"list":[{"code":0,"parameters":[]}],"repeat":true,"skippable":false,"wait":false},"moveSpeed":3,"moveType":0,"priorityType":1,"stepAnime":false,"through":false,"trigger":0,"walkAnime":true}],"x":8,"y":6},
{"id":6,"name":"EV006","note":"","pages":[{"conditions":{"actorId":1,"actorValid":false,"itemId":1,"itemValid":false,"selfSwitchCh":"A","selfSwitchValid":false,"switch1Id":1,"switch1Valid":false,"switch2Id":1,"switch2Valid":false,"variableId":1,"variableValid":false,"variableValue":0},"directionFix":false,"image":{"characterIndex":0,"characterName":"","direction":2,"pattern":0,"tileId":0},"list":[{"code":111,"indent":0,"parameters":[0,246,0]},{"code":203,"indent":1,"parameters":[7,0,8,6,0]},{"code":0,"indent":1,"parameters":[]},{"code":412,"indent":0,"parameters":[]},{"code":111,"indent":0,"parameters":[0,2404,0]},{"code":203,"indent":1,"parameters":[8,0,8,6,0]},{"code":0,"indent":1,"parameters":[]},{"code":412,"indent":0,"parameters":[]},{"code":111,"indent":0,"parameters":[0,2401,0]},{"code":203,"indent":1,"parameters":[9,0,8,6,0]},{"code":0,"indent":1,"parameters":[]},{"code":412,"indent":0,"parameters":[]},{"code":111,"indent":0,"parameters":[0,2402,0]},{"code":203,"indent":1,"parameters":[10,0,8,6,0]},{"code":0,"indent":1,"parameters":[]},{"code":412,"indent":0,"parameters":[]},{"code":111,"indent":0,"parameters":[0,244,0]},{"code":203,"indent":1,"parameters":[11,0,8,6,0]},{"code":0,"indent":1,"parameters":[]},{"code":412,"indent":0,"parameters":[]},{"code":111,"indent":0,"parameters":[0,242,0]},{"code":203,"indent":1,"parameters":[12,0,8,6,0]},{"code":0,"indent":1,"parameters":[]},{"code":412,"indent":0,"parameters":[]},{"code":122,"indent":0,"parameters":[1069,1069,0,0,3]},{"code":230,"indent":0,"parameters":[5]},{"code":122,"indent":0,"parameters":[1069,1069,0,0,2]},{"code":230,"indent":0,"parameters":[5]},{"code":250,"indent":0,"parameters":[{"name":"crack_70112__justinbw__crack-and-stress_01","volume":100,"pitch":60,"pan":0}]},{"code":122,"indent":0,"parameters":[1069,1069,0,0,3]},{"code":230,"indent":0,"parameters":[5]},{"code":122,"indent":0,"parameters":[1069,1069,0,0,2]},{"code":230,"indent":0,"parameters":[5]},{"code":122,"indent":0,"parameters":[1069,1069,0,0,3]},{"code":230,"indent":0,"parameters":[5]},{"code":122,"indent":0,"parameters":[1069,1069,0,0,2]},{"code":230,"indent":0,"parameters":[5]},{"code":122,"indent":0,"parameters":[1069,1069,0,0,3]},{"code":230,"indent":0,"parameters":[5]},{"code":122,"indent":0,"parameters":[1069,1069,0,0,2]},{"code":230,"indent":0,"parameters":[5]},{"code":250,"indent":0,"parameters":[{"name":"tinnitus_end","volume":30,"pitch":100,"pan":0}]},{"code":111,"indent":0,"parameters":[0,242,1]},{"code":111,"indent":1,"parameters":[0,244,1]},{"code":111,"indent":2,"parameters":[0,2402,1]},{"code":111,"indent":3,"parameters":[0,2404,1]},{"code":111,"indent":4,"parameters":[0,2406,1]},{"code":111,"indent":5,"parameters":[0,2401,0]},{"code":0,"indent":6,"parameters":[]},{"code":411,"indent":5,"parameters":[]},{"code":250,"indent":6,"parameters":[{"name":"screams1_3_173944__johnsonbrandediting__human-male-scream-multi_01","volume":100,"pitch":100,"pan":0}]},{"code":0,"indent":6,"parameters":[]},{"code":412,"indent":5,"parameters":[]},{"code":119,"indent":5,"parameters":["SKIP_FEMALE_SCREAM"]},{"code":0,"indent":5,"parameters":[]},{"code":412,"indent":4,"parameters":[]},{"code":0,"indent":4,"parameters":[]},{"code":412,"indent":3,"parameters":[]},{"code":0,"indent":3,"parameters":[]},{"code":412,"indent":2,"parameters":[]},{"code":0,"indent":2,"parameters":[]},{"code":412,"indent":1,"parameters":[]},{"code":0,"indent":1,"parameters":[]},{"code":412,"indent":0,"parameters":[]},{"code":250,"indent":0,"parameters":[{"name":"scream_261419__archeos__womanscream_01","volume":100,"pitch":100,"pan":0}]},{"code":118,"indent":0,"parameters":["SKIP_FEMALE_SCREAM"]},{"code":250,"indent":0,"parameters":[{"name":"Crackle_69_Harvest_Collect_Organic_UI_01","volume":100,"pitch":60,"pan":0}]},{"code":250,"indent":0,"parameters":[{"name":"slime1_429608__chemicalcrux__stroganoff-short-5_01","volume":100,"pitch":100,"pan":0}]},{"code":122,"indent":0,"parameters":[1069,1069,0,0,3]},{"code":250,"indent":0,"parameters":[{"name":"film_static","volume":70,"pitch":140,"pan":0}]},{"code":356,"indent":0,"parameters":["HorrorEffects Screen Create Noise"]},{"code":356,"indent":0,"parameters":["HorrorEffects Screen Change Noise Rate 0.2"]},{"code":230,"indent":0,"parameters":[5]},{"code":356,"indent":0,"parameters":["HorrorEffects Screen Change Noise Rate 0.3"]},{"code":122,"indent":0,"parameters":[1069,1069,0,0,2]},{"code":230,"indent":0,"parameters":[5]},{"code":356,"indent":0,"parameters":["HorrorEffects Screen Change Noise Rate 0.4"]},{"code":122,"indent":0,"parameters":[1069,1069,0,0,3]},{"code":230,"indent":0,"parameters":[5]},{"code":356,"indent":0,"parameters":["HorrorEffects Screen Change Noise Rate 0.5"]},{"code":122,"indent":0,"parameters":[1069,1069,0,0,2]},{"code":230,"indent":0,"parameters":[5]},{"code":356,"indent":0,"parameters":["HorrorEffects Screen Change Noise Rate 0.6"]},{"code":223,"indent":0,"parameters":[[255,255,255,0],100,false]},{"code":122,"indent":0,"parameters":[1069,1069,0,0,3]},{"code":230,"indent":0,"parameters":[7]},{"code":356,"indent":0,"parameters":["HorrorEffects Screen Change Noise Rate 0.7"]},{"code":122,"indent":0,"parameters":[1069,1069,0,0,4]},{"code":230,"indent":0,"parameters":[8]},{"code":356,"indent":0,"parameters":["HorrorEffects Screen Change Noise Rate 0.8"]},{"code":122,"indent":0,"parameters":[1069,1069,0,0,5]},{"code":230,"indent":0,"parameters":[8]},{"code":250,"indent":0,"parameters":[{"name":"Stab 8_3_01","volume":100,"pitch":70,"pan":0}]},{"code":356,"indent":0,"parameters":["HorrorEffects Screen Change Noise Rate 0.9"]},{"code":122,"indent":0,"parameters":[1069,1069,0,0,6]},{"code":230,"indent":0,"parameters":[12]},{"code":250,"indent":0,"parameters":[{"name":"white_noise2","volume":20,"pitch":90,"pan":0}]},{"code":356,"indent":0,"parameters":["HorrorEffects Screen Change Noise Rate 1.0"]},{"code":122,"indent":0,"parameters":[1069,1069,0,0,7]},{"code":230,"indent":0,"parameters":[7]},{"code":356,"indent":0,"parameters":["HorrorEffects Screen Change Noise Rate 1.1"]},{"code":250,"indent":0,"parameters":[{"name":"Stab 8_3_01","volume":100,"pitch":60,"pan":0}]},{"code":122,"indent":0,"parameters":[1069,1069,0,0,8]},{"code":230,"indent":0,"parameters":[10]},{"code":356,"indent":0,"parameters":["HorrorEffects Screen Change Noise Rate 1.3"]},{"code":122,"indent":0,"parameters":[1069,1069,0,0,9]},{"code":230,"indent":0,"parameters":[10]},{"code":356,"indent":0,"parameters":["HorrorEffects Screen Change Noise Rate 1.5"]},{"code":122,"indent":0,"parameters":[1069,1069,0,0,10]},{"code":230,"indent":0,"parameters":[10]},{"code":356,"indent":0,"parameters":["HorrorEffects Screen Change Noise Rate 1.7"]},{"code":122,"indent":0,"parameters":[1069,1069,0,0,11]},{"code":230,"indent":0,"parameters":[5]},{"code":356,"indent":0,"parameters":["HorrorEffects Screen Change Noise Rate 1.9"]},{"code":230,"indent":0,"parameters":[8]},{"code":356,"indent":0,"parameters":["HorrorEffects Screen Change Noise Rate 2.1"]},{"code":230,"indent":0,"parameters":[8]},{"code":356,"indent":0,"parameters":["HorrorEffects Screen Change Noise Rate 2.3"]},{"code":230,"indent":0,"parameters":[8]},{"code":356,"indent":0,"parameters":["HorrorEffects Screen Change Noise Rate 2.5"]},{"code":230,"indent":0,"parameters":[10]},{"code":356,"indent":0,"parameters":["HorrorEffects Screen Change Noise Rate 2.2"]},{"code":230,"indent":0,"parameters":[8]},{"code":356,"indent":0,"parameters":["HorrorEffects Screen Change Noise Rate 2.0"]},{"code":230,"indent":0,"parameters":[8]},{"code":356,"indent":0,"parameters":["HorrorEffects Screen Change Noise Rate 1.8"]},{"code":230,"indent":0,"parameters":[8]},{"code":356,"indent":0,"parameters":["HorrorEffects Screen Change Noise Rate 1.6"]},{"code":230,"indent":0,"parameters":[8]},{"code":356,"indent":0,"parameters":["HorrorEffects Screen Change Noise Rate 1.4"]},{"code":230,"indent":0,"parameters":[6]},{"code":356,"indent":0,"parameters":["HorrorEffects Screen Change Noise Rate 1.2"]},{"code":230,"indent":0,"parameters":[6]},{"code":356,"indent":0,"parameters":["HorrorEffects Screen Change Noise Rate 1.1"]},{"code":230,"indent":0,"parameters":[6]},{"code":356,"indent":0,"parameters":["HorrorEffects Screen Change Noise Rate 1.0"]},{"code":230,"indent":0,"parameters":[5]},{"code":356,"indent":0,"parameters":["HorrorEffects Screen Change Noise Rate 0.9"]},{"code":230,"indent":0,"parameters":[5]},{"code":356,"indent":0,"parameters":["HorrorEffects Screen Change Noise Rate 0.8"]},{"code":230,"indent":0,"parameters":[5]},{"code":356,"indent":0,"parameters":["HorrorEffects Screen Change Noise Rate 0.7"]},{"code":230,"indent":0,"parameters":[5]},{"code":356,"indent":0,"parameters":["HorrorEffects Screen Change Noise Rate 0.6"]},{"code":230,"indent":0,"parameters":[5]},{"code":356,"indent":0,"parameters":["HorrorEffects Screen Change Noise Rate 0.5"]},{"code":230,"indent":0,"parameters":[5]},{"code":356,"indent":0,"parameters":["HorrorEffects Screen Change Noise Rate 0.4"]},{"code":230,"indent":0,"parameters":[5]},{"code":356,"indent":0,"parameters":["HorrorEffects Screen Change Noise Rate 0.3"]},{"code":230,"indent":0,"parameters":[5]},{"code":356,"indent":0,"parameters":["HorrorEffects Screen Change Noise Rate 0.2"]},{"code":230,"indent":0,"parameters":[5]},{"code":356,"indent":0,"parameters":["HorrorEffects Screen Change Noise Rate 0.1"]},{"code":230,"indent":0,"parameters":[5]},{"code":356,"indent":0,"parameters":["HorrorEffects Screen Remove Noise"]},{"code":230,"indent":0,"parameters":[40]},{"code":353,"indent":0,"parameters":[]},{"code":0,"indent":0,"parameters":[]}],"moveFrequency":3,"moveRoute":{"list":[{"code":0,"parameters":[]}],"repeat":true,"skippable":false,"wait":false},"moveSpeed":3,"moveType":0,"priorityType":0,"stepAnime":false,"through":false,"trigger":3,"walkAnime":true}],"x":8,"y":0},
{"id":7,"name":"levi_transform","note":"","pages":[{"conditions":{"actorId":1,"actorValid":false,"itemId":1,"itemValid":false,"selfSwitchCh":"A","selfSwitchValid":false,"switch1Id":246,"switch1Valid":true,"switch2Id":1,"switch2Valid":false,"variableId":1069,"variableValid":true,"variableValue":2},"directionFix":true,"image":{"tileId":0,"characterName":"$transform_levi1","direction":2,"pattern":2,"characterIndex":0},"list":[{"code":0,"indent":0,"parameters":[]}],"moveFrequency":3,"moveRoute":{"list":[{"code":0,"parameters":[]}],"repeat":true,"skippable":false,"wait":false},"moveSpeed":3,"moveType":0,"priorityType":1,"stepAnime":false,"through":false,"trigger":0,"walkAnime":true},{"conditions":{"actorId":1,"actorValid":false,"itemId":1,"itemValid":false,"selfSwitchCh":"A","selfSwitchValid":false,"switch1Id":246,"switch1Valid":true,"switch2Id":1,"switch2Valid":false,"variableId":1069,"variableValid":true,"variableValue":3},"directionFix":true,"image":{"tileId":0,"characterName":"$transform_levi1","direction":4,"pattern":0,"characterIndex":0},"list":[{"code":0,"indent":0,"parameters":[]}],"moveFrequency":3,"moveRoute":{"list":[{"code":0,"parameters":[]}],"repeat":true,"skippable":false,"wait":false},"moveSpeed":3,"moveType":0,"priorityType":1,"stepAnime":false,"through":false,"trigger":0,"walkAnime":true},{"conditions":{"actorId":1,"actorValid":false,"itemId":1,"itemValid":false,"selfSwitchCh":"A","selfSwitchValid":false,"switch1Id":246,"switch1Valid":true,"switch2Id":1,"switch2Valid":false,"variableId":1069,"variableValid":true,"variableValue":4},"directionFix":true,"image":{"tileId":0,"characterName":"$transform_levi1","direction":4,"pattern":1,"characterIndex":0},"list":[{"code":0,"indent":0,"parameters":[]}],"moveFrequency":3,"moveRoute":{"list":[{"code":0,"parameters":[]}],"repeat":true,"skippable":false,"wait":false},"moveSpeed":3,"moveType":0,"priorityType":1,"stepAnime":false,"through":false,"trigger":0,"walkAnime":true},{"conditions":{"actorId":1,"actorValid":false,"itemId":1,"itemValid":false,"selfSwitchCh":"A","selfSwitchValid":false,"switch1Id":246,"switch1Valid":true,"switch2Id":1,"switch2Valid":false,"variableId":1069,"variableValid":true,"variableValue":5},"directionFix":true,"image":{"tileId":0,"characterName":"$transform_levi1","direction":4,"pattern":2,"characterIndex":0},"list":[{"code":0,"indent":0,"parameters":[]}],"moveFrequency":3,"moveRoute":{"list":[{"code":0,"parameters":[]}],"repeat":true,"skippable":false,"wait":false},"moveSpeed":3,"moveType":0,"priorityType":1,"stepAnime":false,"through":false,"trigger":0,"walkAnime":true},{"conditions":{"actorId":1,"actorValid":false,"itemId":1,"itemValid":false,"selfSwitchCh":"A","selfSwitchValid":false,"switch1Id":246,"switch1Valid":true,"switch2Id":1,"switch2Valid":false,"variableId":1069,"variableValid":true,"variableValue":6},"directionFix":true,"image":{"tileId":0,"characterName":"$transform_levi1","direction":6,"pattern":0,"characterIndex":0},"list":[{"code":0,"indent":0,"parameters":[]}],"moveFrequency":3,"moveRoute":{"list":[{"code":0,"parameters":[]}],"repeat":true,"skippable":false,"wait":false},"moveSpeed":3,"moveType":0,"priorityType":1,"stepAnime":false,"through":false,"trigger":0,"walkAnime":true},{"conditions":{"actorId":1,"actorValid":false,"itemId":1,"itemValid":false,"selfSwitchCh":"A","selfSwitchValid":false,"switch1Id":246,"switch1Valid":true,"switch2Id":1,"switch2Valid":false,"variableId":1069,"variableValid":true,"variableValue":7},"directionFix":true,"image":{"tileId":0,"characterName":"$transform_levi1","direction":6,"pattern":1,"characterIndex":0},"list":[{"code":0,"indent":0,"parameters":[]}],"moveFrequency":3,"moveRoute":{"list":[{"code":0,"parameters":[]}],"repeat":true,"skippable":false,"wait":false},"moveSpeed":3,"moveType":0,"priorityType":1,"stepAnime":false,"through":false,"trigger":0,"walkAnime":true},{"conditions":{"actorId":1,"actorValid":false,"itemId":1,"itemValid":false,"selfSwitchCh":"A","selfSwitchValid":false,"switch1Id":246,"switch1Valid":true,"switch2Id":1,"switch2Valid":false,"variableId":1069,"variableValid":true,"variableValue":8},"directionFix":true,"image":{"tileId":0,"characterName":"$transform_levi1","direction":6,"pattern":2,"characterIndex":0},"list":[{"code":0,"indent":0,"parameters":[]}],"moveFrequency":3,"moveRoute":{"list":[{"code":0,"parameters":[]}],"repeat":true,"skippable":false,"wait":false},"moveSpeed":3,"moveType":0,"priorityType":1,"stepAnime":false,"through":false,"trigger":0,"walkAnime":true},{"conditions":{"actorId":1,"actorValid":false,"itemId":1,"itemValid":false,"selfSwitchCh":"A","selfSwitchValid":false,"switch1Id":246,"switch1Valid":true,"switch2Id":1,"switch2Valid":false,"variableId":1069,"variableValid":true,"variableValue":9},"directionFix":true,"image":{"tileId":0,"characterName":"$transform_levi1","direction":8,"pattern":0,"characterIndex":0},"list":[{"code":0,"indent":0,"parameters":[]}],"moveFrequency":3,"moveRoute":{"list":[{"code":0,"parameters":[]}],"repeat":true,"skippable":false,"wait":false},"moveSpeed":3,"moveType":0,"priorityType":1,"stepAnime":false,"through":false,"trigger":0,"walkAnime":true},{"conditions":{"actorId":1,"actorValid":false,"itemId":1,"itemValid":false,"selfSwitchCh":"A","selfSwitchValid":false,"switch1Id":246,"switch1Valid":true,"switch2Id":1,"switch2Valid":false,"variableId":1069,"variableValid":true,"variableValue":10},"directionFix":true,"image":{"tileId":0,"characterName":"$transform_levi1","direction":8,"pattern":1,"characterIndex":0},"list":[{"code":0,"indent":0,"parameters":[]}],"moveFrequency":3,"moveRoute":{"list":[{"code":0,"parameters":[]}],"repeat":true,"skippable":false,"wait":false},"moveSpeed":3,"moveType":0,"priorityType":1,"stepAnime":false,"through":false,"trigger":0,"walkAnime":true},{"conditions":{"actorId":1,"actorValid":false,"itemId":1,"itemValid":false,"selfSwitchCh":"A","selfSwitchValid":false,"switch1Id":246,"switch1Valid":true,"switch2Id":1,"switch2Valid":false,"variableId":1069,"variableValid":true,"variableValue":11},"directionFix":true,"image":{"tileId":0,"characterName":"$transform_levi1","direction":8,"pattern":2,"characterIndex":0},"list":[{"code":0,"indent":0,"parameters":[]}],"moveFrequency":3,"moveRoute":{"list":[{"code":0,"parameters":[]}],"repeat":true,"skippable":false,"wait":false},"moveSpeed":3,"moveType":0,"priorityType":1,"stepAnime":false,"through":false,"trigger":0,"walkAnime":true}],"x":0,"y":0},
{"id":8,"name":"karin_transform","note":"","pages":[{"conditions":{"actorId":1,"actorValid":false,"itemId":1,"itemValid":false,"selfSwitchCh":"A","selfSwitchValid":false,"switch1Id":2404,"switch1Valid":true,"switch2Id":1,"switch2Valid":false,"variableId":1069,"variableValid":true,"variableValue":2},"directionFix":true,"image":{"tileId":0,"characterName":"$transform_karin1","direction":2,"pattern":2,"characterIndex":0},"list":[{"code":0,"indent":0,"parameters":[]}],"moveFrequency":3,"moveRoute":{"list":[{"code":0,"parameters":[]}],"repeat":true,"skippable":false,"wait":false},"moveSpeed":3,"moveType":0,"priorityType":1,"stepAnime":false,"through":false,"trigger":0,"walkAnime":true},{"conditions":{"actorId":1,"actorValid":false,"itemId":1,"itemValid":false,"selfSwitchCh":"A","selfSwitchValid":false,"switch1Id":2404,"switch1Valid":true,"switch2Id":1,"switch2Valid":false,"variableId":1069,"variableValid":true,"variableValue":3},"directionFix":true,"image":{"tileId":0,"characterName":"$transform_karin1","direction":4,"pattern":0,"characterIndex":0},"list":[{"code":0,"indent":0,"parameters":[]}],"moveFrequency":3,"moveRoute":{"list":[{"code":0,"parameters":[]}],"repeat":true,"skippable":false,"wait":false},"moveSpeed":3,"moveType":0,"priorityType":1,"stepAnime":false,"through":false,"trigger":0,"walkAnime":true},{"conditions":{"actorId":1,"actorValid":false,"itemId":1,"itemValid":false,"selfSwitchCh":"A","selfSwitchValid":false,"switch1Id":2404,"switch1Valid":true,"switch2Id":1,"switch2Valid":false,"variableId":1069,"variableValid":true,"variableValue":4},"directionFix":true,"image":{"tileId":0,"characterName":"$transform_karin1","direction":4,"pattern":1,"characterIndex":0},"list":[{"code":0,"indent":0,"parameters":[]}],"moveFrequency":3,"moveRoute":{"list":[{"code":0,"parameters":[]}],"repeat":true,"skippable":false,"wait":false},"moveSpeed":3,"moveType":0,"priorityType":1,"stepAnime":false,"through":false,"trigger":0,"walkAnime":true},{"conditions":{"actorId":1,"actorValid":false,"itemId":1,"itemValid":false,"selfSwitchCh":"A","selfSwitchValid":false,"switch1Id":2404,"switch1Valid":true,"switch2Id":1,"switch2Valid":false,"variableId":1069,"variableValid":true,"variableValue":5},"directionFix":true,"image":{"tileId":0,"characterName":"$transform_karin1","direction":4,"pattern":2,"characterIndex":0},"list":[{"code":0,"indent":0,"parameters":[]}],"moveFrequency":3,"moveRoute":{"list":[{"code":0,"parameters":[]}],"repeat":true,"skippable":false,"wait":false},"moveSpeed":3,"moveType":0,"priorityType":1,"stepAnime":false,"through":false,"trigger":0,"walkAnime":true},{"conditions":{"actorId":1,"actorValid":false,"itemId":1,"itemValid":false,"selfSwitchCh":"A","selfSwitchValid":false,"switch1Id":2404,"switch1Valid":true,"switch2Id":1,"switch2Valid":false,"variableId":1069,"variableValid":true,"variableValue":6},"directionFix":true,"image":{"tileId":0,"characterName":"$transform_karin1","direction":6,"pattern":0,"characterIndex":0},"list":[{"code":0,"indent":0,"parameters":[]}],"moveFrequency":3,"moveRoute":{"list":[{"code":0,"parameters":[]}],"repeat":true,"skippable":false,"wait":false},"moveSpeed":3,"moveType":0,"priorityType":1,"stepAnime":false,"through":false,"trigger":0,"walkAnime":true},{"conditions":{"actorId":1,"actorValid":false,"itemId":1,"itemValid":false,"selfSwitchCh":"A","selfSwitchValid":false,"switch1Id":2404,"switch1Valid":true,"switch2Id":1,"switch2Valid":false,"variableId":1069,"variableValid":true,"variableValue":7},"directionFix":true,"image":{"tileId":0,"characterName":"$transform_karin1","direction":6,"pattern":1,"characterIndex":0},"list":[{"code":0,"indent":0,"parameters":[]}],"moveFrequency":3,"moveRoute":{"list":[{"code":0,"parameters":[]}],"repeat":true,"skippable":false,"wait":false},"moveSpeed":3,"moveType":0,"priorityType":1,"stepAnime":false,"through":false,"trigger":0,"walkAnime":true},{"conditions":{"actorId":1,"actorValid":false,"itemId":1,"itemValid":false,"selfSwitchCh":"A","selfSwitchValid":false,"switch1Id":2404,"switch1Valid":true,"switch2Id":1,"switch2Valid":false,"variableId":1069,"variableValid":true,"variableValue":8},"directionFix":true,"image":{"tileId":0,"characterName":"$transform_karin1","direction":6,"pattern":2,"characterIndex":0},"list":[{"code":0,"indent":0,"parameters":[]}],"moveFrequency":3,"moveRoute":{"list":[{"code":0,"parameters":[]}],"repeat":true,"skippable":false,"wait":false},"moveSpeed":3,"moveType":0,"priorityType":1,"stepAnime":false,"through":false,"trigger":0,"walkAnime":true},{"conditions":{"actorId":1,"actorValid":false,"itemId":1,"itemValid":false,"selfSwitchCh":"A","selfSwitchValid":false,"switch1Id":2404,"switch1Valid":true,"switch2Id":1,"switch2Valid":false,"variableId":1069,"variableValid":true,"variableValue":9},"directionFix":true,"image":{"tileId":0,"characterName":"$transform_karin1","direction":8,"pattern":0,"characterIndex":0},"list":[{"code":0,"indent":0,"parameters":[]}],"moveFrequency":3,"moveRoute":{"list":[{"code":0,"parameters":[]}],"repeat":true,"skippable":false,"wait":false},"moveSpeed":3,"moveType":0,"priorityType":1,"stepAnime":false,"through":false,"trigger":0,"walkAnime":true},{"conditions":{"actorId":1,"actorValid":false,"itemId":1,"itemValid":false,"selfSwitchCh":"A","selfSwitchValid":false,"switch1Id":2404,"switch1Valid":true,"switch2Id":1,"switch2Valid":false,"variableId":1069,"variableValid":true,"variableValue":10},"directionFix":true,"image":{"tileId":0,"characterName":"$transform_karin1","direction":8,"pattern":1,"characterIndex":0},"list":[{"code":0,"indent":0,"parameters":[]}],"moveFrequency":3,"moveRoute":{"list":[{"code":0,"parameters":[]}],"repeat":true,"skippable":false,"wait":false},"moveSpeed":3,"moveType":0,"priorityType":1,"stepAnime":false,"through":false,"trigger":0,"walkAnime":true},{"conditions":{"actorId":1,"actorValid":false,"itemId":1,"itemValid":false,"selfSwitchCh":"A","selfSwitchValid":false,"switch1Id":2404,"switch1Valid":true,"switch2Id":1,"switch2Valid":false,"variableId":1069,"variableValid":true,"variableValue":11},"directionFix":true,"image":{"tileId":0,"characterName":"$transform_karin1","direction":8,"pattern":2,"characterIndex":0},"list":[{"code":0,"indent":0,"parameters":[]}],"moveFrequency":3,"moveRoute":{"list":[{"code":0,"parameters":[]}],"repeat":true,"skippable":false,"wait":false},"moveSpeed":3,"moveType":0,"priorityType":1,"stepAnime":false,"through":false,"trigger":0,"walkAnime":true}],"x":1,"y":0},
{"id":9,"name":"osaa_transform","note":"","pages":[{"conditions":{"actorId":1,"actorValid":false,"itemId":1,"itemValid":false,"selfSwitchCh":"A","selfSwitchValid":false,"switch1Id":2401,"switch1Valid":true,"switch2Id":1,"switch2Valid":false,"variableId":1069,"variableValid":true,"variableValue":2},"directionFix":true,"image":{"tileId":0,"characterName":"$transform_osaa1","direction":2,"pattern":2,"characterIndex":0},"list":[{"code":0,"indent":0,"parameters":[]}],"moveFrequency":3,"moveRoute":{"list":[{"code":0,"parameters":[]}],"repeat":true,"skippable":false,"wait":false},"moveSpeed":3,"moveType":0,"priorityType":1,"stepAnime":false,"through":false,"trigger":0,"walkAnime":true},{"conditions":{"actorId":1,"actorValid":false,"itemId":1,"itemValid":false,"selfSwitchCh":"A","selfSwitchValid":false,"switch1Id":2401,"switch1Valid":true,"switch2Id":1,"switch2Valid":false,"variableId":1069,"variableValid":true,"variableValue":3},"directionFix":true,"image":{"tileId":0,"characterName":"$transform_osaa1","direction":4,"pattern":0,"characterIndex":0},"list":[{"code":0,"indent":0,"parameters":[]}],"moveFrequency":3,"moveRoute":{"list":[{"code":0,"parameters":[]}],"repeat":true,"skippable":false,"wait":false},"moveSpeed":3,"moveType":0,"priorityType":1,"stepAnime":false,"through":false,"trigger":0,"walkAnime":true},{"conditions":{"actorId":1,"actorValid":false,"itemId":1,"itemValid":false,"selfSwitchCh":"A","selfSwitchValid":false,"switch1Id":2401,"switch1Valid":true,"switch2Id":1,"switch2Valid":false,"variableId":1069,"variableValid":true,"variableValue":4},"directionFix":true,"image":{"tileId":0,"characterName":"$transform_osaa1","direction":4,"pattern":1,"characterIndex":0},"list":[{"code":0,"indent":0,"parameters":[]}],"moveFrequency":3,"moveRoute":{"list":[{"code":0,"parameters":[]}],"repeat":true,"skippable":false,"wait":false},"moveSpeed":3,"moveType":0,"priorityType":1,"stepAnime":false,"through":false,"trigger":0,"walkAnime":true},{"conditions":{"actorId":1,"actorValid":false,"itemId":1,"itemValid":false,"selfSwitchCh":"A","selfSwitchValid":false,"switch1Id":2401,"switch1Valid":true,"switch2Id":1,"switch2Valid":false,"variableId":1069,"variableValid":true,"variableValue":5},"directionFix":true,"image":{"tileId":0,"characterName":"$transform_osaa1","direction":4,"pattern":2,"characterIndex":0},"list":[{"code":0,"indent":0,"parameters":[]}],"moveFrequency":3,"moveRoute":{"list":[{"code":0,"parameters":[]}],"repeat":true,"skippable":false,"wait":false},"moveSpeed":3,"moveType":0,"priorityType":1,"stepAnime":false,"through":false,"trigger":0,"walkAnime":true},{"conditions":{"actorId":1,"actorValid":false,"itemId":1,"itemValid":false,"selfSwitchCh":"A","selfSwitchValid":false,"switch1Id":2401,"switch1Valid":true,"switch2Id":1,"switch2Valid":false,"variableId":1069,"variableValid":true,"variableValue":6},"directionFix":true,"image":{"tileId":0,"characterName":"$transform_osaa1","direction":6,"pattern":0,"characterIndex":0},"list":[{"code":0,"indent":0,"parameters":[]}],"moveFrequency":3,"moveRoute":{"list":[{"code":0,"parameters":[]}],"repeat":true,"skippable":false,"wait":false},"moveSpeed":3,"moveType":0,"priorityType":1,"stepAnime":false,"through":false,"trigger":0,"walkAnime":true},{"conditions":{"actorId":1,"actorValid":false,"itemId":1,"itemValid":false,"selfSwitchCh":"A","selfSwitchValid":false,"switch1Id":2401,"switch1Valid":true,"switch2Id":1,"switch2Valid":false,"variableId":1069,"variableValid":true,"variableValue":7},"directionFix":true,"image":{"tileId":0,"characterName":"$transform_osaa1","direction":6,"pattern":1,"characterIndex":0},"list":[{"code":0,"indent":0,"parameters":[]}],"moveFrequency":3,"moveRoute":{"list":[{"code":0,"parameters":[]}],"repeat":true,"skippable":false,"wait":false},"moveSpeed":3,"moveType":0,"priorityType":1,"stepAnime":false,"through":false,"trigger":0,"walkAnime":true},{"conditions":{"actorId":1,"actorValid":false,"itemId":1,"itemValid":false,"selfSwitchCh":"A","selfSwitchValid":false,"switch1Id":2401,"switch1Valid":true,"switch2Id":1,"switch2Valid":false,"variableId":1069,"variableValid":true,"variableValue":8},"directionFix":true,"image":{"tileId":0,"characterName":"$transform_osaa1","direction":6,"pattern":2,"characterIndex":0},"list":[{"code":0,"indent":0,"parameters":[]}],"moveFrequency":3,"moveRoute":{"list":[{"code":0,"parameters":[]}],"repeat":true,"skippable":false,"wait":false},"moveSpeed":3,"moveType":0,"priorityType":1,"stepAnime":false,"through":false,"trigger":0,"walkAnime":true},{"conditions":{"actorId":1,"actorValid":false,"itemId":1,"itemValid":false,"selfSwitchCh":"A","selfSwitchValid":false,"switch1Id":2401,"switch1Valid":true,"switch2Id":1,"switch2Valid":false,"variableId":1069,"variableValid":true,"variableValue":9},"directionFix":true,"image":{"tileId":0,"characterName":"$transform_osaa1","direction":8,"pattern":0,"characterIndex":0},"list":[{"code":0,"indent":0,"parameters":[]}],"moveFrequency":3,"moveRoute":{"list":[{"code":0,"parameters":[]}],"repeat":true,"skippable":false,"wait":false},"moveSpeed":3,"moveType":0,"priorityType":1,"stepAnime":false,"through":false,"trigger":0,"walkAnime":true},{"conditions":{"actorId":1,"actorValid":false,"itemId":1,"itemValid":false,"selfSwitchCh":"A","selfSwitchValid":false,"switch1Id":2401,"switch1Valid":true,"switch2Id":1,"switch2Valid":false,"variableId":1069,"variableValid":true,"variableValue":10},"directionFix":true,"image":{"tileId":0,"characterName":"$transform_osaa1","direction":8,"pattern":1,"characterIndex":0},"list":[{"code":0,"indent":0,"parameters":[]}],"moveFrequency":3,"moveRoute":{"list":[{"code":0,"parameters":[]}],"repeat":true,"skippable":false,"wait":false},"moveSpeed":3,"moveType":0,"priorityType":1,"stepAnime":false,"through":false,"trigger":0,"walkAnime":true},{"conditions":{"actorId":1,"actorValid":false,"itemId":1,"itemValid":false,"selfSwitchCh":"A","selfSwitchValid":false,"switch1Id":2401,"switch1Valid":true,"switch2Id":1,"switch2Valid":false,"variableId":1069,"variableValid":true,"variableValue":11},"directionFix":true,"image":{"tileId":0,"characterName":"$transform_osaa1","direction":8,"pattern":2,"characterIndex":0},"list":[{"code":0,"indent":0,"parameters":[]}],"moveFrequency":3,"moveRoute":{"list":[{"code":0,"parameters":[]}],"repeat":true,"skippable":false,"wait":false},"moveSpeed":3,"moveType":0,"priorityType":1,"stepAnime":false,"through":false,"trigger":0,"walkAnime":true}],"x":2,"y":0},
{"id":10,"name":"olivia_transform","note":"","pages":[{"conditions":{"actorId":1,"actorValid":false,"itemId":1,"itemValid":false,"selfSwitchCh":"A","selfSwitchValid":false,"switch1Id":2402,"switch1Valid":true,"switch2Id":1,"switch2Valid":false,"variableId":1069,"variableValid":true,"variableValue":2},"directionFix":true,"image":{"tileId":0,"characterName":"$transform_olivia1","direction":2,"pattern":2,"characterIndex":0},"list":[{"code":0,"indent":0,"parameters":[]}],"moveFrequency":3,"moveRoute":{"list":[{"code":0,"parameters":[]}],"repeat":true,"skippable":false,"wait":false},"moveSpeed":3,"moveType":0,"priorityType":1,"stepAnime":false,"through":false,"trigger":0,"walkAnime":true},{"conditions":{"actorId":1,"actorValid":false,"itemId":1,"itemValid":false,"selfSwitchCh":"A","selfSwitchValid":false,"switch1Id":2402,"switch1Valid":true,"switch2Id":1,"switch2Valid":false,"variableId":1069,"variableValid":true,"variableValue":3},"directionFix":true,"image":{"tileId":0,"characterName":"$transform_olivia1","direction":4,"pattern":0,"characterIndex":0},"list":[{"code":0,"indent":0,"parameters":[]}],"moveFrequency":3,"moveRoute":{"list":[{"code":0,"parameters":[]}],"repeat":true,"skippable":false,"wait":false},"moveSpeed":3,"moveType":0,"priorityType":1,"stepAnime":false,"through":false,"trigger":0,"walkAnime":true},{"conditions":{"actorId":1,"actorValid":false,"itemId":1,"itemValid":false,"selfSwitchCh":"A","selfSwitchValid":false,"switch1Id":2402,"switch1Valid":true,"switch2Id":1,"switch2Valid":false,"variableId":1069,"variableValid":true,"variableValue":4},"directionFix":true,"image":{"tileId":0,"characterName":"$transform_olivia1","direction":4,"pattern":1,"characterIndex":0},"list":[{"code":0,"indent":0,"parameters":[]}],"moveFrequency":3,"moveRoute":{"list":[{"code":0,"parameters":[]}],"repeat":true,"skippable":false,"wait":false},"moveSpeed":3,"moveType":0,"priorityType":1,"stepAnime":false,"through":false,"trigger":0,"walkAnime":true},{"conditions":{"actorId":1,"actorValid":false,"itemId":1,"itemValid":false,"selfSwitchCh":"A","selfSwitchValid":false,"switch1Id":2402,"switch1Valid":true,"switch2Id":1,"switch2Valid":false,"variableId":1069,"variableValid":true,"variableValue":5},"directionFix":true,"image":{"tileId":0,"characterName":"$transform_olivia1","direction":4,"pattern":2,"characterIndex":0},"list":[{"code":0,"indent":0,"parameters":[]}],"moveFrequency":3,"moveRoute":{"list":[{"code":0,"parameters":[]}],"repeat":true,"skippable":false,"wait":false},"moveSpeed":3,"moveType":0,"priorityType":1,"stepAnime":false,"through":false,"trigger":0,"walkAnime":true},{"conditions":{"actorId":1,"actorValid":false,"itemId":1,"itemValid":false,"selfSwitchCh":"A","selfSwitchValid":false,"switch1Id":2402,"switch1Valid":true,"switch2Id":1,"switch2Valid":false,"variableId":1069,"variableValid":true,"variableValue":6},"directionFix":true,"image":{"tileId":0,"characterName":"$transform_olivia1","direction":6,"pattern":0,"characterIndex":0},"list":[{"code":0,"indent":0,"parameters":[]}],"moveFrequency":3,"moveRoute":{"list":[{"code":0,"parameters":[]}],"repeat":true,"skippable":false,"wait":false},"moveSpeed":3,"moveType":0,"priorityType":1,"stepAnime":false,"through":false,"trigger":0,"walkAnime":true},{"conditions":{"actorId":1,"actorValid":false,"itemId":1,"itemValid":false,"selfSwitchCh":"A","selfSwitchValid":false,"switch1Id":2402,"switch1Valid":true,"switch2Id":1,"switch2Valid":false,"variableId":1069,"variableValid":true,"variableValue":7},"directionFix":true,"image":{"tileId":0,"characterName":"$transform_olivia1","direction":6,"pattern":1,"characterIndex":0},"list":[{"code":0,"indent":0,"parameters":[]}],"moveFrequency":3,"moveRoute":{"list":[{"code":0,"parameters":[]}],"repeat":true,"skippable":false,"wait":false},"moveSpeed":3,"moveType":0,"priorityType":1,"stepAnime":false,"through":false,"trigger":0,"walkAnime":true},{"conditions":{"actorId":1,"actorValid":false,"itemId":1,"itemValid":false,"selfSwitchCh":"A","selfSwitchValid":false,"switch1Id":2402,"switch1Valid":true,"switch2Id":1,"switch2Valid":false,"variableId":1069,"variableValid":true,"variableValue":8},"directionFix":true,"image":{"tileId":0,"characterName":"$transform_olivia1","direction":6,"pattern":2,"characterIndex":0},"list":[{"code":0,"indent":0,"parameters":[]}],"moveFrequency":3,"moveRoute":{"list":[{"code":0,"parameters":[]}],"repeat":true,"skippable":false,"wait":false},"moveSpeed":3,"moveType":0,"priorityType":1,"stepAnime":false,"through":false,"trigger":0,"walkAnime":true},{"conditions":{"actorId":1,"actorValid":false,"itemId":1,"itemValid":false,"selfSwitchCh":"A","selfSwitchValid":false,"switch1Id":2402,"switch1Valid":true,"switch2Id":1,"switch2Valid":false,"variableId":1069,"variableValid":true,"variableValue":9},"directionFix":true,"image":{"tileId":0,"characterName":"$transform_olivia1","direction":8,"pattern":0,"characterIndex":0},"list":[{"code":0,"indent":0,"parameters":[]}],"moveFrequency":3,"moveRoute":{"list":[{"code":0,"parameters":[]}],"repeat":true,"skippable":false,"wait":false},"moveSpeed":3,"moveType":0,"priorityType":1,"stepAnime":false,"through":false,"trigger":0,"walkAnime":true},{"conditions":{"actorId":1,"actorValid":false,"itemId":1,"itemValid":false,"selfSwitchCh":"A","selfSwitchValid":false,"switch1Id":2402,"switch1Valid":true,"switch2Id":1,"switch2Valid":false,"variableId":1069,"variableValid":true,"variableValue":10},"directionFix":true,"image":{"tileId":0,"characterName":"$transform_olivia1","direction":8,"pattern":1,"characterIndex":0},"list":[{"code":0,"indent":0,"parameters":[]}],"moveFrequency":3,"moveRoute":{"list":[{"code":0,"parameters":[]}],"repeat":true,"skippable":false,"wait":false},"moveSpeed":3,"moveType":0,"priorityType":1,"stepAnime":false,"through":false,"trigger":0,"walkAnime":true},{"conditions":{"actorId":1,"actorValid":false,"itemId":1,"itemValid":false,"selfSwitchCh":"A","selfSwitchValid":false,"switch1Id":2402,"switch1Valid":true,"switch2Id":1,"switch2Valid":false,"variableId":1069,"variableValid":true,"variableValue":11},"directionFix":true,"image":{"tileId":0,"characterName":"$transform_olivia1","direction":8,"pattern":2,"characterIndex":0},"list":[{"code":0,"indent":0,"parameters":[]}],"moveFrequency":3,"moveRoute":{"list":[{"code":0,"parameters":[]}],"repeat":true,"skippable":false,"wait":false},"moveSpeed":3,"moveType":0,"priorityType":1,"stepAnime":false,"through":false,"trigger":0,"walkAnime":true}],"x":3,"y":0},
{"id":11,"name":"abella_transform","note":"","pages":[{"conditions":{"actorId":1,"actorValid":false,"itemId":1,"itemValid":false,"selfSwitchCh":"A","selfSwitchValid":false,"switch1Id":244,"switch1Valid":true,"switch2Id":1,"switch2Valid":false,"variableId":1069,"variableValid":true,"variableValue":2},"directionFix":true,"image":{"tileId":0,"characterName":"$transform_abella1","direction":2,"pattern":2,"characterIndex":0},"list":[{"code":0,"indent":0,"parameters":[]}],"moveFrequency":3,"moveRoute":{"list":[{"code":0,"parameters":[]}],"repeat":true,"skippable":false,"wait":false},"moveSpeed":3,"moveType":0,"priorityType":1,"stepAnime":false,"through":false,"trigger":0,"walkAnime":true},{"conditions":{"actorId":1,"actorValid":false,"itemId":1,"itemValid":false,"selfSwitchCh":"A","selfSwitchValid":false,"switch1Id":244,"switch1Valid":true,"switch2Id":1,"switch2Valid":false,"variableId":1069,"variableValid":true,"variableValue":3},"directionFix":true,"image":{"tileId":0,"characterName":"$transform_abella1","direction":4,"pattern":0,"characterIndex":0},"list":[{"code":0,"indent":0,"parameters":[]}],"moveFrequency":3,"moveRoute":{"list":[{"code":0,"parameters":[]}],"repeat":true,"skippable":false,"wait":false},"moveSpeed":3,"moveType":0,"priorityType":1,"stepAnime":false,"through":false,"trigger":0,"walkAnime":true},{"conditions":{"actorId":1,"actorValid":false,"itemId":1,"itemValid":false,"selfSwitchCh":"A","selfSwitchValid":false,"switch1Id":244,"switch1Valid":true,"switch2Id":1,"switch2Valid":false,"variableId":1069,"variableValid":true,"variableValue":4},"directionFix":true,"image":{"tileId":0,"characterName":"$transform_abella1","direction":4,"pattern":1,"characterIndex":0},"list":[{"code":0,"indent":0,"parameters":[]}],"moveFrequency":3,"moveRoute":{"list":[{"code":0,"parameters":[]}],"repeat":true,"skippable":false,"wait":false},"moveSpeed":3,"moveType":0,"priorityType":1,"stepAnime":false,"through":false,"trigger":0,"walkAnime":true},{"conditions":{"actorId":1,"actorValid":false,"itemId":1,"itemValid":false,"selfSwitchCh":"A","selfSwitchValid":false,"switch1Id":244,"switch1Valid":true,"switch2Id":1,"switch2Valid":false,"variableId":1069,"variableValid":true,"variableValue":5},"directionFix":true,"image":{"tileId":0,"characterName":"$transform_abella1","direction":4,"pattern":2,"characterIndex":0},"list":[{"code":0,"indent":0,"parameters":[]}],"moveFrequency":3,"moveRoute":{"list":[{"code":0,"parameters":[]}],"repeat":true,"skippable":false,"wait":false},"moveSpeed":3,"moveType":0,"priorityType":1,"stepAnime":false,"through":false,"trigger":0,"walkAnime":true},{"conditions":{"actorId":1,"actorValid":false,"itemId":1,"itemValid":false,"selfSwitchCh":"A","selfSwitchValid":false,"switch1Id":244,"switch1Valid":true,"switch2Id":1,"switch2Valid":false,"variableId":1069,"variableValid":true,"variableValue":6},"directionFix":true,"image":{"tileId":0,"characterName":"$transform_abella1","direction":6,"pattern":0,"characterIndex":0},"list":[{"code":0,"indent":0,"parameters":[]}],"moveFrequency":3,"moveRoute":{"list":[{"code":0,"parameters":[]}],"repeat":true,"skippable":false,"wait":false},"moveSpeed":3,"moveType":0,"priorityType":1,"stepAnime":false,"through":false,"trigger":0,"walkAnime":true},{"conditions":{"actorId":1,"actorValid":false,"itemId":1,"itemValid":false,"selfSwitchCh":"A","selfSwitchValid":false,"switch1Id":244,"switch1Valid":true,"switch2Id":1,"switch2Valid":false,"variableId":1069,"variableValid":true,"variableValue":7},"directionFix":true,"image":{"tileId":0,"characterName":"$transform_abella1","direction":6,"pattern":1,"characterIndex":0},"list":[{"code":0,"indent":0,"parameters":[]}],"moveFrequency":3,"moveRoute":{"list":[{"code":0,"parameters":[]}],"repeat":true,"skippable":false,"wait":false},"moveSpeed":3,"moveType":0,"priorityType":1,"stepAnime":false,"through":false,"trigger":0,"walkAnime":true},{"conditions":{"actorId":1,"actorValid":false,"itemId":1,"itemValid":false,"selfSwitchCh":"A","selfSwitchValid":false,"switch1Id":244,"switch1Valid":true,"switch2Id":1,"switch2Valid":false,"variableId":1069,"variableValid":true,"variableValue":8},"directionFix":true,"image":{"tileId":0,"characterName":"$transform_abella1","direction":6,"pattern":2,"characterIndex":0},"list":[{"code":0,"indent":0,"parameters":[]}],"moveFrequency":3,"moveRoute":{"list":[{"code":0,"parameters":[]}],"repeat":true,"skippable":false,"wait":false},"moveSpeed":3,"moveType":0,"priorityType":1,"stepAnime":false,"through":false,"trigger":0,"walkAnime":true},{"conditions":{"actorId":1,"actorValid":false,"itemId":1,"itemValid":false,"selfSwitchCh":"A","selfSwitchValid":false,"switch1Id":244,"switch1Valid":true,"switch2Id":1,"switch2Valid":false,"variableId":1069,"variableValid":true,"variableValue":9},"directionFix":true,"image":{"tileId":0,"characterName":"$transform_abella1","direction":8,"pattern":0,"characterIndex":0},"list":[{"code":0,"indent":0,"parameters":[]}],"moveFrequency":3,"moveRoute":{"list":[{"code":0,"parameters":[]}],"repeat":true,"skippable":false,"wait":false},"moveSpeed":3,"moveType":0,"priorityType":1,"stepAnime":false,"through":false,"trigger":0,"walkAnime":true},{"conditions":{"actorId":1,"actorValid":false,"itemId":1,"itemValid":false,"selfSwitchCh":"A","selfSwitchValid":false,"switch1Id":244,"switch1Valid":true,"switch2Id":1,"switch2Valid":false,"variableId":1069,"variableValid":true,"variableValue":10},"directionFix":true,"image":{"tileId":0,"characterName":"$transform_abella1","direction":8,"pattern":1,"characterIndex":0},"list":[{"code":0,"indent":0,"parameters":[]}],"moveFrequency":3,"moveRoute":{"list":[{"code":0,"parameters":[]}],"repeat":true,"skippable":false,"wait":false},"moveSpeed":3,"moveType":0,"priorityType":1,"stepAnime":false,"through":false,"trigger":0,"walkAnime":true},{"conditions":{"actorId":1,"actorValid":false,"itemId":1,"itemValid":false,"selfSwitchCh":"A","selfSwitchValid":false,"switch1Id":244,"switch1Valid":true,"switch2Id":1,"switch2Valid":false,"variableId":1069,"variableValid":true,"variableValue":11},"directionFix":true,"image":{"tileId":0,"characterName":"$transform_abella1","direction":8,"pattern":2,"characterIndex":0},"list":[{"code":0,"indent":0,"parameters":[]}],"moveFrequency":3,"moveRoute":{"list":[{"code":0,"parameters":[]}],"repeat":true,"skippable":false,"wait":false},"moveSpeed":3,"moveType":0,"priorityType":1,"stepAnime":false,"through":false,"trigger":0,"walkAnime":true}],"x":4,"y":0},
{"id":12,"name":"marina_transform","note":"","pages":[{"conditions":{"actorId":1,"actorValid":false,"itemId":1,"itemValid":false,"selfSwitchCh":"A","selfSwitchValid":false,"switch1Id":242,"switch1Valid":true,"switch2Id":1,"switch2Valid":false,"variableId":1069,"variableValid":true,"variableValue":2},"directionFix":true,"image":{"tileId":0,"characterName":"$transform_marina1","direction":2,"pattern":2,"characterIndex":0},"list":[{"code":0,"indent":0,"parameters":[]}],"moveFrequency":3,"moveRoute":{"list":[{"code":0,"parameters":[]}],"repeat":true,"skippable":false,"wait":false},"moveSpeed":3,"moveType":0,"priorityType":1,"stepAnime":false,"through":false,"trigger":0,"walkAnime":true},{"conditions":{"actorId":1,"actorValid":false,"itemId":1,"itemValid":false,"selfSwitchCh":"A","selfSwitchValid":false,"switch1Id":242,"switch1Valid":true,"switch2Id":1,"switch2Valid":false,"variableId":1069,"variableValid":true,"variableValue":3},"directionFix":true,"image":{"tileId":0,"characterName":"$transform_marina1","direction":4,"pattern":0,"characterIndex":0},"list":[{"code":0,"indent":0,"parameters":[]}],"moveFrequency":3,"moveRoute":{"list":[{"code":0,"parameters":[]}],"repeat":true,"skippable":false,"wait":false},"moveSpeed":3,"moveType":0,"priorityType":1,"stepAnime":false,"through":false,"trigger":0,"walkAnime":true},{"conditions":{"actorId":1,"actorValid":false,"itemId":1,"itemValid":false,"selfSwitchCh":"A","selfSwitchValid":false,"switch1Id":242,"switch1Valid":true,"switch2Id":1,"switch2Valid":false,"variableId":1069,"variableValid":true,"variableValue":4},"directionFix":true,"image":{"tileId":0,"characterName":"$transform_marina1","direction":4,"pattern":1,"characterIndex":0},"list":[{"code":0,"indent":0,"parameters":[]}],"moveFrequency":3,"moveRoute":{"list":[{"code":0,"parameters":[]}],"repeat":true,"skippable":false,"wait":false},"moveSpeed":3,"moveType":0,"priorityType":1,"stepAnime":false,"through":false,"trigger":0,"walkAnime":true},{"conditions":{"actorId":1,"actorValid":false,"itemId":1,"itemValid":false,"selfSwitchCh":"A","selfSwitchValid":false,"switch1Id":242,"switch1Valid":true,"switch2Id":1,"switch2Valid":false,"variableId":1069,"variableValid":true,"variableValue":5},"directionFix":true,"image":{"tileId":0,"characterName":"$transform_marina1","direction":4,"pattern":2,"characterIndex":0},"list":[{"code":0,"indent":0,"parameters":[]}],"moveFrequency":3,"moveRoute":{"list":[{"code":0,"parameters":[]}],"repeat":true,"skippable":false,"wait":false},"moveSpeed":3,"moveType":0,"priorityType":1,"stepAnime":false,"through":false,"trigger":0,"walkAnime":true},{"conditions":{"actorId":1,"actorValid":false,"itemId":1,"itemValid":false,"selfSwitchCh":"A","selfSwitchValid":false,"switch1Id":242,"switch1Valid":true,"switch2Id":1,"switch2Valid":false,"variableId":1069,"variableValid":true,"variableValue":6},"directionFix":true,"image":{"tileId":0,"characterName":"$transform_marina1","direction":6,"pattern":0,"characterIndex":0},"list":[{"code":0,"indent":0,"parameters":[]}],"moveFrequency":3,"moveRoute":{"list":[{"code":0,"parameters":[]}],"repeat":true,"skippable":false,"wait":false},"moveSpeed":3,"moveType":0,"priorityType":1,"stepAnime":false,"through":false,"trigger":0,"walkAnime":true},{"conditions":{"actorId":1,"actorValid":false,"itemId":1,"itemValid":false,"selfSwitchCh":"A","selfSwitchValid":false,"switch1Id":242,"switch1Valid":true,"switch2Id":1,"switch2Valid":false,"variableId":1069,"variableValid":true,"variableValue":7},"directionFix":true,"image":{"tileId":0,"characterName":"$transform_marina1","direction":6,"pattern":1,"characterIndex":0},"list":[{"code":0,"indent":0,"parameters":[]}],"moveFrequency":3,"moveRoute":{"list":[{"code":0,"parameters":[]}],"repeat":true,"skippable":false,"wait":false},"moveSpeed":3,"moveType":0,"priorityType":1,"stepAnime":false,"through":false,"trigger":0,"walkAnime":true},{"conditions":{"actorId":1,"actorValid":false,"itemId":1,"itemValid":false,"selfSwitchCh":"A","selfSwitchValid":false,"switch1Id":242,"switch1Valid":true,"switch2Id":1,"switch2Valid":false,"variableId":1069,"variableValid":true,"variableValue":8},"directionFix":true,"image":{"tileId":0,"characterName":"$transform_marina1","direction":6,"pattern":2,"characterIndex":0},"list":[{"code":0,"indent":0,"parameters":[]}],"moveFrequency":3,"moveRoute":{"list":[{"code":0,"parameters":[]}],"repeat":true,"skippable":false,"wait":false},"moveSpeed":3,"moveType":0,"priorityType":1,"stepAnime":false,"through":false,"trigger":0,"walkAnime":true},{"conditions":{"actorId":1,"actorValid":false,"itemId":1,"itemValid":false,"selfSwitchCh":"A","selfSwitchValid":false,"switch1Id":242,"switch1Valid":true,"switch2Id":1,"switch2Valid":false,"variableId":1069,"variableValid":true,"variableValue":9},"directionFix":true,"image":{"tileId":0,"characterName":"$transform_marina1","direction":8,"pattern":0,"characterIndex":0},"list":[{"code":0,"indent":0,"parameters":[]}],"moveFrequency":3,"moveRoute":{"list":[{"code":0,"parameters":[]}],"repeat":true,"skippable":false,"wait":false},"moveSpeed":3,"moveType":0,"priorityType":1,"stepAnime":false,"through":false,"trigger":0,"walkAnime":true},{"conditions":{"actorId":1,"actorValid":false,"itemId":1,"itemValid":false,"selfSwitchCh":"A","selfSwitchValid":false,"switch1Id":242,"switch1Valid":true,"switch2Id":1,"switch2Valid":false,"variableId":1069,"variableValid":true,"variableValue":10},"directionFix":true,"image":{"tileId":0,"characterName":"$transform_marina1","direction":8,"pattern":1,"characterIndex":0},"list":[{"code":0,"indent":0,"parameters":[]}],"moveFrequency":3,"moveRoute":{"list":[{"code":0,"parameters":[]}],"repeat":true,"skippable":false,"wait":false},"moveSpeed":3,"moveType":0,"priorityType":1,"stepAnime":false,"through":false,"trigger":0,"walkAnime":true},{"conditions":{"actorId":1,"actorValid":false,"itemId":1,"itemValid":false,"selfSwitchCh":"A","selfSwitchValid":false,"switch1Id":242,"switch1Valid":true,"switch2Id":1,"switch2Valid":false,"variableId":1069,"variableValid":true,"variableValue":11},"directionFix":true,"image":{"tileId":0,"characterName":"$transform_marina1","direction":8,"pattern":2,"characterIndex":0},"list":[{"code":0,"indent":0,"parameters":[]}],"moveFrequency":3,"moveRoute":{"list":[{"code":0,"parameters":[]}],"repeat":true,"skippable":false,"wait":false},"moveSpeed":3,"moveType":0,"priorityType":1,"stepAnime":false,"through":false,"trigger":0,"walkAnime":true}],"x":5,"y":0}
]
}