{
"autoplayBgm":false,"autoplayBgs":false,"battleback1Name":"","battleback2Name":"","bgm":{"name":"","pan":0,"pitch":100,"volume":90},"bgs":{"name":"","pan":0,"pitch":100,"volume":90},"disableDashing":false,"displayName":"","encounterList":[],"encounterStep":30,"height":13,"note":"","parallaxLoopX":true,"parallaxLoopY":false,"parallaxName":"menu","parallaxShow":true,"parallaxSx":1,"parallaxSy":0,"scrollType":0,"specifyBattleback":false,"tilesetId":1,"width":17,
"data":[0,0,0,0,0,0,0,0,0,0,0,0,0,0,0,0,0,0,0,0,0,0,0,0,0,0,0,0,0,0,0,0,0,0,0,0,0,0,0,0,0,0,0,0,0,0,0,0,0,0,0,0,0,0,0,0,0,0,0,0,0,0,0,0,0,0,0,0,0,0,0,0,0,0,0,0,0,0,0,0,0,0,0,0,0,0,0,0,0,0,0,0,0,0,0,0,0,0,0,0,0,0,0,0,0,0,0,0,0,0,0,0,0,0,0,0,0,0,0,0,0,0,0,0,0,0,0,0,0,0,0,0,0,0,0,0,0,0,0,0,0,0,0,0,0,0,0,0,0,0,0,0,0,0,0,0,0,0,0,0,0,0,0,0,0,0,0,0,0,0,0,0,0,0,0,0,0,0,0,0,0,0,0,0,0,0,0,0,0,0,0,0,0,0,0,0,0,0,0,0,0,0,0,0,0,0,0,0,0,0,0,0,0,0,0,0,0,0,0,0,0,0,0,0,0,0,0,0,0,0,0,0,0,0,0,0,0,0,0,0,0,0,0,0,0,0,0,0,0,0,0,0,0,0,0,0,0,0,0,0,0,0,0,0,0,0,0,0,0,0,0,0,0,0,0,0,0,0,0,0,0,0,0,0,0,0,0,0,0,0,0,0,0,0,0,0,0,0,0,0,0,0,0,0,0,0,0,0,0,0,0,0,0,0,0,0,0,0,0,0,0,0,0,0,0,0,0,0,0,0,0,0,0,0,0,0,0,0,0,0,0,0,0,0,0,0,0,0,0,0,0,0,0,0,0,0,0,0,0,0,0,0,0,0,0,0,0,0,0,0,0,0,0,0,0,0,0,0,0,0,0,0,0,0,0,0,0,0,0,0,0,0,0,0,0,0,0,0,0,0,0,0,0,0,0,0,0,0,0,0,0,0,0,0,0,0,0,0,0,0,0,0,0,0,0,0,0,0,0,0,0,0,0,0,0,0,0,0,0,0,0,0,0,0,0,0,0,0,0,0,0,0,0,0,0,0,0,0,0,0,0,0,0,0,0,0,0,0,0,0,0,0,0,0,0,0,0,0,0,0,0,0,0,0,0,0,0,0,0,0,0,0,0,0,0,0,0,0,0,0,0,0,0,0,0,0,0,0,0,0,0,0,0,0,0,0,0,0,0,0,0,0,0,0,0,0,0,0,0,0,0,0,0,0,0,0,0,0,0,0,0,0,0,0,0,0,0,0,0,0,0,0,0,0,0,0,0,0,0,0,0,0,0,0,0,0,0,0,0,0,0,0,0,0,0,0,0,0,0,0,0,0,0,0,0,0,0,0,0,0,0,0,0,0,0,0,0,0,0,0,0,0,0,0,0,0,0,0,0,0,0,0,0,0,0,0,0,0,0,0,0,0,0,0,0,0,0,0,0,0,0,0,0,0,0,0,0,0,0,0,0,0,0,0,0,0,0,0,0,0,0,0,0,0,0,0,0,0,0,0,0,0,0,0,0,0,0,0,0,0,0,0,0,0,0,0,0,0,0,0,0,0,0,0,0,0,0,0,0,0,0,0,0,0,0,0,0,0,0,0,0,0,0,0,0,0,0,0,0,0,0,0,0,0,0,0,0,0,0,0,0,0,0,0,0,0,0,0,0,0,0,0,0,0,0,0,0,0,0,0,0,0,0,0,0,0,0,0,0,0,0,0,0,0,0,0,0,0,0,0,0,0,0,0,0,0,0,0,0,0,0,0,0,0,0,0,0,0,0,0,0,0,0,0,0,0,0,0,0,0,0,0,0,0,0,0,0,0,0,0,0,0,0,0,0,0,0,0,0,0,0,0,0,0,0,0,0,0,0,0,0,0,0,0,0,0,0,0,0,0,0,0,0,0,0,0,0,0,0,0,0,0,0,0,0,0,0,0,0,0,0,0,0,0,0,0,0,0,0,0,0,0,0,0,0,0,0,0,0,0,0,0,0,0,0,0,0,0,0,0,0,0,0,0,0,0,0,0,0,0,0,0,0,0,0,0,0,0,0,0,0,0,0,0,0,0,0,0,0,0,0,0,0,0,0,0,0,0,0,0,0,0,0,0,0,0,0,0,0,0,0,0,0,0,0,0,0,0,0,0,0,0,0,0,0,0,0,0,0,0,0,0,0,0,0,0,0,0,0,0,0,0,0,0,0,0,0,0,0,0,0,0,0,0,0,0,0,0,0,0,0,0,0,0,0,0,0,0,0,0,0,0,0,0,0,0,0,0,0,0,0,0,0,0,0,0,0,0,0,0,0,0,0,0,0,0,0,0,0,0,0,0,0,0,0,0,0,0,0,0,0,0,0,0,0,0,0,0,0,0,0,0,0,0,0,0,0,0,0,0,0,0,0,0,0,0,0,0,0,0,0,0,0,0,0,0,0,0,0,0,0,0,0,0,0,0,0,0,0,0,0,0,0,0,0,0,0,0,0,0,0,0,0,0,0,0,0,0,0,0,0,0,0,0,0,0,0,0,0,0,0,0,0,0,0,0,0,0,0,0,0,0,0,0,0,0,0,0,0,0,0,0,0,0,0,0,0,0,0,0,0,0,0,0,0,0,0,0,0,0,0,0,0,0,0,0,0,0,0,0,0,0,0,0,0,0,0,0,0,0,0,0,0,0,0,0,0,0,0,0,0,0,0,0,0,0,0,0,0,0,0,0,0,0,0,0,0,0,0,0,0,0,0,0,0,0,0,0,0,0,0,0,0,0,0,0,0,0,0,0,0,0,0,0,0,0,0,0,0,0,0,0,0,0,0,0,0,0,0,0,0,0,0,0,0,0,0,0,0,0,0,0,0,0,0,0,0,0,0,0,0,0,0,0,0,0,0,0,0,0,0,0,0,0,0,0,0,0,0,0,0,0,0,0,0,0,0,0,0,0,0,0,0,0,0,0,0,0,0,0,0,0,0,0,0,0,0,0,0,0,0,0,0,0,0,0,0,0,0,0,0,0,0,0,0,0],
"events":[
null,
{"id":1,"name":"EV001","note":"","pages":[{"conditions":{"actorId":1,"actorValid":false,"itemId":1,"itemValid":false,"selfSwitchCh":"A","selfSwitchValid":false,"switch1Id":1,"switch1Valid":false,"switch2Id":1,"switch2Valid":false,"variableId":1,"variableValid":false,"variableValue":0},"directionFix":false,"image":{"characterIndex":0,"characterName":"","direction":2,"pattern":0,"tileId":0},"list":[{"code":231,"indent":0,"parameters":[28,"whitescreen",0,0,835,0,103,100,255,0]},{"code":231,"indent":0,"parameters":[29,"whitescreen",0,0,0,0,103,100,255,0]},{"code":232,"indent":0,"parameters":[28,0,0,0,0,0,103,100,255,0,600,false]},{"code":232,"indent":0,"parameters":[29,0,0,0,-835,0,103,100,255,0,600,false]},{"code":121,"indent":0,"parameters":[3681,3681,0]},{"code":121,"indent":0,"parameters":[3433,3433,0]},{"code":121,"indent":0,"parameters":[3485,3485,0]},{"code":121,"indent":0,"parameters":[2815,2815,0]},{"code":121,"indent":0,"parameters":[2676,2676,0]},{"code":108,"indent":0,"parameters":["DEAD CHECK"]},{"code":408,"indent":0,"parameters":["DEAD CHECK"]},{"code":408,"indent":0,"parameters":["DEAD CHECK"]},{"code":408,"indent":0,"parameters":["DEAD CHECK"]},{"code":111,"indent":0,"parameters":[1,769,0,0,0]},{"code":111,"indent":1,"parameters":[0,3401,0]},{"code":122,"indent":2,"parameters":[769,769,0,0,2]},{"code":0,"indent":2,"parameters":[]},{"code":412,"indent":1,"parameters":[]},{"code":0,"indent":1,"parameters":[]},{"code":412,"indent":0,"parameters":[]},{"code":111,"indent":0,"parameters":[1,763,0,0,0]},{"code":111,"indent":1,"parameters":[0,3485,0]},{"code":122,"indent":2,"parameters":[763,763,0,0,2]},{"code":0,"indent":2,"parameters":[]},{"code":412,"indent":1,"parameters":[]},{"code":0,"indent":1,"parameters":[]},{"code":412,"indent":0,"parameters":[]},{"code":111,"indent":0,"parameters":[1,767,0,0,0]},{"code":111,"indent":1,"parameters":[0,4243,0]},{"code":122,"indent":2,"parameters":[767,767,0,0,2]},{"code":0,"indent":2,"parameters":[]},{"code":412,"indent":1,"parameters":[]},{"code":0,"indent":1,"parameters":[]},{"code":412,"indent":0,"parameters":[]},{"code":111,"indent":0,"parameters":[1,768,0,0,0]},{"code":111,"indent":1,"parameters":[0,3433,0]},{"code":122,"indent":2,"parameters":[768,768,0,0,2]},{"code":0,"indent":2,"parameters":[]},{"code":412,"indent":1,"parameters":[]},{"code":0,"indent":1,"parameters":[]},{"code":412,"indent":0,"parameters":[]},{"code":111,"indent":0,"parameters":[1,770,0,0,0]},{"code":111,"indent":1,"parameters":[0,2626,0]},{"code":122,"indent":2,"parameters":[770,770,0,0,2]},{"code":0,"indent":2,"parameters":[]},{"code":412,"indent":1,"parameters":[]},{"code":0,"indent":1,"parameters":[]},{"code":412,"indent":0,"parameters":[]},{"code":111,"indent":0,"parameters":[1,771,0,0,0]},{"code":111,"indent":1,"parameters":[0,3681,0]},{"code":122,"indent":2,"parameters":[771,771,0,0,2]},{"code":0,"indent":2,"parameters":[]},{"code":412,"indent":1,"parameters":[]},{"code":0,"indent":1,"parameters":[]},{"code":412,"indent":0,"parameters":[]},{"code":111,"indent":0,"parameters":[1,773,0,0,0]},{"code":111,"indent":1,"parameters":[0,3774,0]},{"code":122,"indent":2,"parameters":[773,773,0,0,2]},{"code":0,"indent":2,"parameters":[]},{"code":412,"indent":1,"parameters":[]},{"code":0,"indent":1,"parameters":[]},{"code":412,"indent":0,"parameters":[]},{"code":111,"indent":0,"parameters":[1,762,0,0,0]},{"code":111,"indent":1,"parameters":[0,2637,0]},{"code":122,"indent":2,"parameters":[762,762,0,0,2]},{"code":0,"indent":2,"parameters":[]},{"code":412,"indent":1,"parameters":[]},{"code":0,"indent":1,"parameters":[]},{"code":412,"indent":0,"parameters":[]},{"code":111,"indent":0,"parameters":[1,766,0,0,0]},{"code":111,"indent":1,"parameters":[0,2729,0]},{"code":122,"indent":2,"parameters":[766,766,0,0,2]},{"code":0,"indent":2,"parameters":[]},{"code":412,"indent":1,"parameters":[]},{"code":0,"indent":1,"parameters":[]},{"code":412,"indent":0,"parameters":[]},{"code":111,"indent":0,"parameters":[1,774,0,0,0]},{"code":111,"indent":1,"parameters":[0,2685,0]},{"code":122,"indent":2,"parameters":[774,774,0,0,2]},{"code":0,"indent":2,"parameters":[]},{"code":412,"indent":1,"parameters":[]},{"code":0,"indent":1,"parameters":[]},{"code":412,"indent":0,"parameters":[]},{"code":111,"indent":0,"parameters":[1,765,0,0,0]},{"code":111,"indent":1,"parameters":[0,2676,0]},{"code":122,"indent":2,"parameters":[765,765,0,0,2]},{"code":0,"indent":2,"parameters":[]},{"code":412,"indent":1,"parameters":[]},{"code":0,"indent":1,"parameters":[]},{"code":412,"indent":0,"parameters":[]},{"code":111,"indent":0,"parameters":[1,761,0,0,0]},{"code":111,"indent":1,"parameters":[0,2815,0]},{"code":122,"indent":2,"parameters":[761,761,0,0,2]},{"code":0,"indent":2,"parameters":[]},{"code":412,"indent":1,"parameters":[]},{"code":0,"indent":1,"parameters":[]},{"code":412,"indent":0,"parameters":[]},{"code":111,"indent":0,"parameters":[1,764,0,0,0]},{"code":111,"indent":1,"parameters":[0,3552,0]},{"code":122,"indent":2,"parameters":[764,764,0,0,2]},{"code":0,"indent":2,"parameters":[]},{"code":412,"indent":1,"parameters":[]},{"code":0,"indent":1,"parameters":[]},{"code":412,"indent":0,"parameters":[]},{"code":111,"indent":0,"parameters":[1,772,0,0,0]},{"code":111,"indent":1,"parameters":[0,2695,0]},{"code":122,"indent":2,"parameters":[772,772,0,0,2]},{"code":0,"indent":2,"parameters":[]},{"code":412,"indent":1,"parameters":[]},{"code":0,"indent":1,"parameters":[]},{"code":412,"indent":0,"parameters":[]},{"code":108,"indent":0,"parameters":["FACES"]},{"code":108,"indent":0,"parameters":["FACES"]},{"code":108,"indent":0,"parameters":["FACES"]},{"code":111,"indent":0,"parameters":[1,761,0,1,0]},{"code":231,"indent":1,"parameters":[58,"face_cross",0,0,0,195,100,100,255,0]},{"code":231,"indent":1,"parameters":[30,"face_daan2",0,0,0,195,100,100,255,0]},{"code":0,"indent":1,"parameters":[]},{"code":411,"indent":0,"parameters":[]},{"code":231,"indent":1,"parameters":[30,"face_daan",0,0,0,195,100,100,255,0]},{"code":0,"indent":1,"parameters":[]},{"code":412,"indent":0,"parameters":[]},{"code":111,"indent":0,"parameters":[1,762,0,1,0]},{"code":231,"indent":1,"parameters":[59,"face_cross",0,0,118,195,100,100,255,0]},{"code":231,"indent":1,"parameters":[31,"face_abella2",0,0,118,195,100,100,255,0]},{"code":0,"indent":1,"parameters":[]},{"code":411,"indent":0,"parameters":[]},{"code":231,"indent":1,"parameters":[31,"face_abella",0,0,118,195,100,100,255,0]},{"code":0,"indent":1,"parameters":[]},{"code":412,"indent":0,"parameters":[]},{"code":111,"indent":0,"parameters":[1,773,0,1,0]},{"code":231,"indent":1,"parameters":[60,"face_cross",0,0,233,195,100,100,255,0]},{"code":231,"indent":1,"parameters":[32,"face_osaa2",0,0,233,195,100,100,255,0]},{"code":0,"indent":1,"parameters":[]},{"code":411,"indent":0,"parameters":[]},{"code":231,"indent":1,"parameters":[32,"face_osaa",0,0,233,195,100,100,255,0]},{"code":0,"indent":1,"parameters":[]},{"code":412,"indent":0,"parameters":[]},{"code":111,"indent":0,"parameters":[1,772,0,1,0]},{"code":231,"indent":1,"parameters":[61,"face_cross",0,0,350,195,100,100,255,0]},{"code":231,"indent":1,"parameters":[33,"face_olivia2",0,0,350,195,100,100,255,0]},{"code":0,"indent":1,"parameters":[]},{"code":411,"indent":0,"parameters":[]},{"code":231,"indent":1,"parameters":[33,"face_olivia",0,0,350,195,100,100,255,0]},{"code":0,"indent":1,"parameters":[]},{"code":412,"indent":0,"parameters":[]},{"code":111,"indent":0,"parameters":[1,768,0,1,0]},{"code":231,"indent":1,"parameters":[62,"face_cross",0,0,465,195,100,100,255,0]},{"code":231,"indent":1,"parameters":[34,"face_karin2",0,0,465,195,100,100,255,0]},{"code":0,"indent":1,"parameters":[]},{"code":411,"indent":0,"parameters":[]},{"code":231,"indent":1,"parameters":[34,"face_karin",0,0,465,195,100,100,255,0]},{"code":0,"indent":1,"parameters":[]},{"code":412,"indent":0,"parameters":[]},{"code":111,"indent":0,"parameters":[1,766,0,1,0]},{"code":231,"indent":1,"parameters":[63,"face_cross",0,0,583,195,100,100,255,0]},{"code":231,"indent":1,"parameters":[35,"face_pav2",0,0,583,195,100,100,255,0]},{"code":0,"indent":1,"parameters":[]},{"code":411,"indent":0,"parameters":[]},{"code":231,"indent":1,"parameters":[35,"face_pav",0,0,583,195,100,100,255,0]},{"code":0,"indent":1,"parameters":[]},{"code":412,"indent":0,"parameters":[]},{"code":111,"indent":0,"parameters":[1,765,0,1,0]},{"code":231,"indent":1,"parameters":[64,"face_cross",0,0,699,195,100,100,255,0]},{"code":231,"indent":1,"parameters":[36,"face_marcoh2",0,0,699,195,100,100,255,0]},{"code":0,"indent":1,"parameters":[]},{"code":411,"indent":0,"parameters":[]},{"code":231,"indent":1,"parameters":[36,"face_marcoh",0,0,699,195,100,100,255,0]},{"code":0,"indent":1,"parameters":[]},{"code":412,"indent":0,"parameters":[]},{"code":111,"indent":0,"parameters":[1,763,0,1,0]},{"code":231,"indent":1,"parameters":[65,"face_cross",0,0,0,312,100,100,255,0]},{"code":231,"indent":1,"parameters":[37,"face_levi2",0,0,0,312,100,100,255,0]},{"code":0,"indent":1,"parameters":[]},{"code":411,"indent":0,"parameters":[]},{"code":231,"indent":1,"parameters":[37,"face_levi",0,0,0,312,100,100,255,0]},{"code":0,"indent":1,"parameters":[]},{"code":412,"indent":0,"parameters":[]},{"code":111,"indent":0,"parameters":[1,764,0,1,0]},{"code":231,"indent":1,"parameters":[66,"face_cross",0,0,118,312,100,100,255,0]},{"code":231,"indent":1,"parameters":[38,"face_marina2",0,0,118,312,100,100,255,0]},{"code":0,"indent":1,"parameters":[]},{"code":411,"indent":0,"parameters":[]},{"code":231,"indent":1,"parameters":[38,"face_marina",0,0,118,312,100,100,255,0]},{"code":0,"indent":1,"parameters":[]},{"code":412,"indent":0,"parameters":[]},{"code":111,"indent":0,"parameters":[1,771,0,1,0]},{"code":231,"indent":1,"parameters":[67,"face_cross",0,0,233,312,100,100,255,0]},{"code":231,"indent":1,"parameters":[39,"face_samarie2",0,0,233,312,100,100,255,0]},{"code":0,"indent":1,"parameters":[]},{"code":411,"indent":0,"parameters":[]},{"code":231,"indent":1,"parameters":[39,"face_samarie",0,0,233,312,100,100,255,0]},{"code":0,"indent":1,"parameters":[]},{"code":412,"indent":0,"parameters":[]},{"code":111,"indent":0,"parameters":[1,774,0,1,0]},{"code":231,"indent":1,"parameters":[68,"face_cross",0,0,350,312,100,100,255,0]},{"code":231,"indent":1,"parameters":[40,"face_tanaka2",0,0,350,312,100,100,255,0]},{"code":0,"indent":1,"parameters":[]},{"code":411,"indent":0,"parameters":[]},{"code":231,"indent":1,"parameters":[40,"face_tanaka",0,0,350,312,100,100,255,0]},{"code":0,"indent":1,"parameters":[]},{"code":412,"indent":0,"parameters":[]},{"code":111,"indent":0,"parameters":[1,770,0,1,0]},{"code":231,"indent":1,"parameters":[69,"face_cross",0,0,465,312,100,100,255,0]},{"code":231,"indent":1,"parameters":[41,"face_henryk2",0,0,465,312,100,100,255,0]},{"code":0,"indent":1,"parameters":[]},{"code":411,"indent":0,"parameters":[]},{"code":231,"indent":1,"parameters":[41,"face_henryk",0,0,465,312,100,100,255,0]},{"code":0,"indent":1,"parameters":[]},{"code":412,"indent":0,"parameters":[]},{"code":111,"indent":0,"parameters":[1,769,0,1,0]},{"code":231,"indent":1,"parameters":[70,"face_cross",0,0,583,312,100,100,255,0]},{"code":231,"indent":1,"parameters":[42,"face_caligura2",0,0,583,312,100,100,255,0]},{"code":0,"indent":1,"parameters":[]},{"code":411,"indent":0,"parameters":[]},{"code":231,"indent":1,"parameters":[42,"face_caligura",0,0,583,312,100,100,255,0]},{"code":0,"indent":1,"parameters":[]},{"code":412,"indent":0,"parameters":[]},{"code":111,"indent":0,"parameters":[1,767,0,1,0]},{"code":231,"indent":1,"parameters":[71,"face_cross",0,0,699,313,100,100,255,0]},{"code":231,"indent":1,"parameters":[43,"face_august2",0,0,699,313,100,100,255,0]},{"code":0,"indent":1,"parameters":[]},{"code":411,"indent":0,"parameters":[]},{"code":231,"indent":1,"parameters":[43,"face_august",0,0,699,313,100,100,255,0]},{"code":0,"indent":1,"parameters":[]},{"code":412,"indent":0,"parameters":[]},{"code":108,"indent":0,"parameters":["DEAD FACES"]},{"code":108,"indent":0,"parameters":["DEAD FACES"]},{"code":108,"indent":0,"parameters":["DEAD FACES"]},{"code":111,"indent":0,"parameters":[1,761,0,2,0]},{"code":231,"indent":1,"parameters":[58,"face_cross",0,0,0,195,100,100,0,0]},{"code":231,"indent":1,"parameters":[44,"face_daan2",0,0,0,195,100,100,0,0]},{"code":0,"indent":1,"parameters":[]},{"code":412,"indent":0,"parameters":[]},{"code":111,"indent":0,"parameters":[1,762,0,2,0]},{"code":231,"indent":1,"parameters":[59,"face_cross",0,0,118,195,100,100,0,0]},{"code":231,"indent":1,"parameters":[45,"face_abella2",0,0,118,195,100,100,0,0]},{"code":0,"indent":1,"parameters":[]},{"code":412,"indent":0,"parameters":[]},{"code":111,"indent":0,"parameters":[1,773,0,2,0]},{"code":231,"indent":1,"parameters":[60,"face_cross",0,0,233,195,100,100,0,0]},{"code":231,"indent":1,"parameters":[46,"face_osaa2",0,0,233,195,100,100,0,0]},{"code":0,"indent":1,"parameters":[]},{"code":412,"indent":0,"parameters":[]},{"code":111,"indent":0,"parameters":[1,772,0,2,0]},{"code":231,"indent":1,"parameters":[61,"face_cross",0,0,350,195,100,100,0,0]},{"code":231,"indent":1,"parameters":[47,"face_olivia2",0,0,350,195,100,100,0,0]},{"code":0,"indent":1,"parameters":[]},{"code":412,"indent":0,"parameters":[]},{"code":111,"indent":0,"parameters":[1,768,0,2,0]},{"code":231,"indent":1,"parameters":[62,"face_cross",0,0,465,195,100,100,0,0]},{"code":231,"indent":1,"parameters":[48,"face_karin2",0,0,465,195,100,100,0,0]},{"code":0,"indent":1,"parameters":[]},{"code":412,"indent":0,"parameters":[]},{"code":111,"indent":0,"parameters":[1,766,0,2,0]},{"code":231,"indent":1,"parameters":[63,"face_cross",0,0,583,195,100,100,0,0]},{"code":231,"indent":1,"parameters":[49,"face_pav2",0,0,583,195,100,100,0,0]},{"code":0,"indent":1,"parameters":[]},{"code":412,"indent":0,"parameters":[]},{"code":111,"indent":0,"parameters":[1,765,0,2,0]},{"code":231,"indent":1,"parameters":[64,"face_cross",0,0,699,195,100,100,0,0]},{"code":231,"indent":1,"parameters":[50,"face_marcoh2",0,0,699,195,100,100,0,0]},{"code":0,"indent":1,"parameters":[]},{"code":412,"indent":0,"parameters":[]},{"code":111,"indent":0,"parameters":[1,763,0,2,0]},{"code":231,"indent":1,"parameters":[65,"face_cross",0,0,0,312,100,100,0,0]},{"code":231,"indent":1,"parameters":[51,"face_levi2",0,0,0,312,100,100,0,0]},{"code":0,"indent":1,"parameters":[]},{"code":412,"indent":0,"parameters":[]},{"code":111,"indent":0,"parameters":[1,764,0,2,0]},{"code":231,"indent":1,"parameters":[66,"face_cross",0,0,118,312,100,100,0,0]},{"code":231,"indent":1,"parameters":[52,"face_marina2",0,0,118,312,100,100,0,0]},{"code":0,"indent":1,"parameters":[]},{"code":412,"indent":0,"parameters":[]},{"code":111,"indent":0,"parameters":[1,771,0,2,0]},{"code":231,"indent":1,"parameters":[67,"face_cross",0,0,233,312,100,100,0,0]},{"code":231,"indent":1,"parameters":[53,"face_samarie2",0,0,233,312,100,100,0,0]},{"code":0,"indent":1,"parameters":[]},{"code":412,"indent":0,"parameters":[]},{"code":111,"indent":0,"parameters":[1,774,0,2,0]},{"code":231,"indent":1,"parameters":[68,"face_cross",0,0,350,312,100,100,0,0]},{"code":231,"indent":1,"parameters":[54,"face_tanaka2",0,0,350,312,100,100,0,0]},{"code":0,"indent":1,"parameters":[]},{"code":412,"indent":0,"parameters":[]},{"code":111,"indent":0,"parameters":[1,770,0,2,0]},{"code":231,"indent":1,"parameters":[69,"face_cross",0,0,465,312,100,100,0,0]},{"code":231,"indent":1,"parameters":[55,"face_henryk2",0,0,465,312,100,100,0,0]},{"code":0,"indent":1,"parameters":[]},{"code":412,"indent":0,"parameters":[]},{"code":111,"indent":0,"parameters":[1,769,0,2,0]},{"code":231,"indent":1,"parameters":[70,"face_cross",0,0,583,312,100,100,0,0]},{"code":231,"indent":1,"parameters":[56,"face_caligura2",0,0,583,312,100,100,0,0]},{"code":0,"indent":1,"parameters":[]},{"code":412,"indent":0,"parameters":[]},{"code":111,"indent":0,"parameters":[1,767,0,2,0]},{"code":231,"indent":1,"parameters":[71,"face_cross",0,0,699,313,100,100,0,0]},{"code":231,"indent":1,"parameters":[57,"face_august2",0,0,699,313,100,100,0,0]},{"code":0,"indent":1,"parameters":[]},{"code":412,"indent":0,"parameters":[]},{"code":230,"indent":0,"parameters":[30]},{"code":108,"indent":0,"parameters":["CROSSES"]},{"code":108,"indent":0,"parameters":["CROSSES"]},{"code":108,"indent":0,"parameters":["CROSSES"]},{"code":111,"indent":0,"parameters":[1,761,0,2,0]},{"code":231,"indent":1,"parameters":[58,"face_cross2",0,0,0,195,100,100,150,0]},{"code":230,"indent":1,"parameters":[4]},{"code":231,"indent":1,"parameters":[44,"face_daan2",0,0,0,195,100,100,100,0]},{"code":231,"indent":1,"parameters":[58,"face_cross",0,0,0,195,100,100,255,0]},{"code":230,"indent":1,"parameters":[2]},{"code":231,"indent":1,"parameters":[44,"face_daan2",0,0,0,195,100,100,255,0]},{"code":122,"indent":1,"parameters":[761,761,0,0,1]},{"code":230,"indent":1,"parameters":[5]},{"code":0,"indent":1,"parameters":[]},{"code":412,"indent":0,"parameters":[]},{"code":111,"indent":0,"parameters":[1,762,0,2,0]},{"code":231,"indent":1,"parameters":[59,"face_cross2",0,0,118,195,100,100,150,0]},{"code":230,"indent":1,"parameters":[4]},{"code":231,"indent":1,"parameters":[59,"face_cross",0,0,118,195,100,100,255,0]},{"code":122,"indent":1,"parameters":[762,762,0,0,1]},{"code":230,"indent":1,"parameters":[5]},{"code":0,"indent":1,"parameters":[]},{"code":412,"indent":0,"parameters":[]},{"code":111,"indent":0,"parameters":[1,773,0,2,0]},{"code":231,"indent":1,"parameters":[60,"face_cross",0,0,233,195,100,100,255,0]},{"code":0,"indent":1,"parameters":[]},{"code":412,"indent":0,"parameters":[]},{"code":111,"indent":0,"parameters":[1,772,0,2,0]},{"code":231,"indent":1,"parameters":[61,"face_cross",0,0,350,195,100,100,255,0]},{"code":0,"indent":1,"parameters":[]},{"code":412,"indent":0,"parameters":[]},{"code":111,"indent":0,"parameters":[1,768,0,2,0]},{"code":231,"indent":1,"parameters":[62,"face_cross2",0,0,465,195,100,100,150,0]},{"code":230,"indent":1,"parameters":[4]},{"code":231,"indent":1,"parameters":[48,"face_karin2",0,0,465,195,100,100,100,0]},{"code":231,"indent":1,"parameters":[62,"face_cross",0,0,465,195,100,100,255,0]},{"code":230,"indent":1,"parameters":[2]},{"code":231,"indent":1,"parameters":[48,"face_karin2",0,0,465,195,100,100,255,0]},{"code":122,"indent":1,"parameters":[768,768,0,0,1]},{"code":230,"indent":1,"parameters":[5]},{"code":0,"indent":1,"parameters":[]},{"code":412,"indent":0,"parameters":[]},{"code":111,"indent":0,"parameters":[1,766,0,2,0]},{"code":231,"indent":1,"parameters":[63,"face_cross",0,0,583,195,100,100,255,0]},{"code":0,"indent":1,"parameters":[]},{"code":412,"indent":0,"parameters":[]},{"code":111,"indent":0,"parameters":[1,765,0,2,0]},{"code":231,"indent":1,"parameters":[64,"face_cross2",0,0,699,195,100,100,150,0]},{"code":230,"indent":1,"parameters":[4]},{"code":231,"indent":1,"parameters":[50,"face_marcoh2",0,0,699,195,100,100,100,0]},{"code":231,"indent":1,"parameters":[64,"face_cross",0,0,699,195,100,100,255,0]},{"code":230,"indent":1,"parameters":[2]},{"code":231,"indent":1,"parameters":[50,"face_marcoh2",0,0,699,195,100,100,255,0]},{"code":122,"indent":1,"parameters":[765,765,0,0,1]},{"code":230,"indent":1,"parameters":[5]},{"code":0,"indent":1,"parameters":[]},{"code":412,"indent":0,"parameters":[]},{"code":111,"indent":0,"parameters":[1,763,0,2,0]},{"code":231,"indent":1,"parameters":[65,"face_cross2",0,0,0,312,100,100,150,0]},{"code":230,"indent":1,"parameters":[4]},{"code":231,"indent":1,"parameters":[51,"face_levi2",0,0,0,312,100,100,100,0]},{"code":231,"indent":1,"parameters":[65,"face_cross",0,0,0,312,100,100,255,0]},{"code":230,"indent":1,"parameters":[2]},{"code":231,"indent":1,"parameters":[51,"face_levi2",0,0,0,312,100,100,255,0]},{"code":122,"indent":1,"parameters":[763,763,0,0,1]},{"code":230,"indent":1,"parameters":[5]},{"code":0,"indent":1,"parameters":[]},{"code":412,"indent":0,"parameters":[]},{"code":111,"indent":0,"parameters":[1,764,0,2,0]},{"code":231,"indent":1,"parameters":[66,"face_cross",0,0,118,312,100,100,255,0]},{"code":0,"indent":1,"parameters":[]},{"code":412,"indent":0,"parameters":[]},{"code":111,"indent":0,"parameters":[1,771,0,2,0]},{"code":231,"indent":1,"parameters":[67,"face_cross2",0,0,233,312,100,100,150,0]},{"code":230,"indent":1,"parameters":[4]},{"code":231,"indent":1,"parameters":[53,"face_samarie2",0,0,233,312,100,100,100,0]},{"code":231,"indent":1,"parameters":[67,"face_cross",0,0,233,312,100,100,255,0]},{"code":230,"indent":1,"parameters":[2]},{"code":231,"indent":1,"parameters":[53,"face_samarie2",0,0,233,312,100,100,255,0]},{"code":122,"indent":1,"parameters":[771,771,0,0,1]},{"code":230,"indent":1,"parameters":[5]},{"code":0,"indent":1,"parameters":[]},{"code":412,"indent":0,"parameters":[]},{"code":111,"indent":0,"parameters":[1,774,0,2,0]},{"code":231,"indent":1,"parameters":[68,"face_cross",0,0,350,312,100,100,255,0]},{"code":0,"indent":1,"parameters":[]},{"code":412,"indent":0,"parameters":[]},{"code":111,"indent":0,"parameters":[1,770,0,2,0]},{"code":231,"indent":1,"parameters":[69,"face_cross",0,0,465,312,100,100,255,0]},{"code":0,"indent":1,"parameters":[]},{"code":412,"indent":0,"parameters":[]},{"code":111,"indent":0,"parameters":[1,769,0,2,0]},{"code":231,"indent":1,"parameters":[70,"face_cross",0,0,583,312,100,100,255,0]},{"code":0,"indent":1,"parameters":[]},{"code":412,"indent":0,"parameters":[]},{"code":111,"indent":0,"parameters":[1,767,0,2,0]},{"code":231,"indent":1,"parameters":[71,"face_cross",0,0,699,313,100,100,255,0]},{"code":0,"indent":1,"parameters":[]},{"code":412,"indent":0,"parameters":[]},{"code":108,"indent":0,"parameters":["END"]},{"code":108,"indent":0,"parameters":["END"]},{"code":108,"indent":0,"parameters":["END"]},{"code":230,"indent":0,"parameters":[350]},{"code":231,"indent":0,"parameters":[72,"whitescreen2",0,0,0,0,100,100,0,0]},{"code":232,"indent":0,"parameters":[72,0,0,0,0,0,100,100,255,0,10,true]},{"code":235,"indent":0,"parameters":[30]},{"code":235,"indent":0,"parameters":[31]},{"code":235,"indent":0,"parameters":[32]},{"code":235,"indent":0,"parameters":[33]},{"code":235,"indent":0,"parameters":[34]},{"code":235,"indent":0,"parameters":[35]},{"code":235,"indent":0,"parameters":[36]},{"code":235,"indent":0,"parameters":[37]},{"code":235,"indent":0,"parameters":[38]},{"code":235,"indent":0,"parameters":[39]},{"code":235,"indent":0,"parameters":[40]},{"code":235,"indent":0,"parameters":[41]},{"code":235,"indent":0,"parameters":[42]},{"code":235,"indent":0,"parameters":[43]},{"code":235,"indent":0,"parameters":[44]},{"code":235,"indent":0,"parameters":[45]},{"code":235,"indent":0,"parameters":[46]},{"code":235,"indent":0,"parameters":[47]},{"code":235,"indent":0,"parameters":[48]},{"code":235,"indent":0,"parameters":[49]},{"code":235,"indent":0,"parameters":[50]},{"code":235,"indent":0,"parameters":[51]},{"code":235,"indent":0,"parameters":[52]},{"code":235,"indent":0,"parameters":[53]},{"code":235,"indent":0,"parameters":[54]},{"code":235,"indent":0,"parameters":[55]},{"code":235,"indent":0,"parameters":[56]},{"code":235,"indent":0,"parameters":[57]},{"code":235,"indent":0,"parameters":[58]},{"code":235,"indent":0,"parameters":[59]},{"code":235,"indent":0,"parameters":[60]},{"code":235,"indent":0,"parameters":[61]},{"code":235,"indent":0,"parameters":[62]},{"code":235,"indent":0,"parameters":[63]},{"code":235,"indent":0,"parameters":[64]},{"code":235,"indent":0,"parameters":[65]},{"code":235,"indent":0,"parameters":[66]},{"code":235,"indent":0,"parameters":[67]},{"code":235,"indent":0,"parameters":[68]},{"code":235,"indent":0,"parameters":[69]},{"code":235,"indent":0,"parameters":[70]},{"code":235,"indent":0,"parameters":[71]},{"code":235,"indent":0,"parameters":[28]},{"code":235,"indent":0,"parameters":[29]},{"code":232,"indent":0,"parameters":[72,0,0,0,0,0,100,100,0,0,5,true]},{"code":235,"indent":0,"parameters":[72]},{"code":230,"indent":0,"parameters":[300]},{"code":354,"indent":0,"parameters":[]},{"code":0,"indent":0,"parameters":[]}],"moveFrequency":3,"moveRoute":{"list":[{"code":0,"parameters":[]}],"repeat":true,"skippable":false,"wait":false},"moveSpeed":3,"moveType":0,"priorityType":0,"stepAnime":false,"through":false,"trigger":3,"walkAnime":true}],"x":0,"y":0},
null,
{"id":3,"name":"EV003","note":"","pages":[{"conditions":{"actorId":1,"actorValid":false,"itemId":1,"itemValid":false,"selfSwitchCh":"A","selfSwitchValid":false,"switch1Id":1,"switch1Valid":false,"switch2Id":1,"switch2Valid":false,"variableId":1,"variableValid":false,"variableValue":0},"directionFix":false,"image":{"characterIndex":0,"characterName":"","direction":2,"pattern":0,"tileId":0},"list":[{"code":0,"indent":0,"parameters":[]}],"moveFrequency":3,"moveRoute":{"list":[{"code":0,"parameters":[]}],"repeat":true,"skippable":false,"wait":false},"moveSpeed":3,"moveType":0,"priorityType":1,"stepAnime":false,"through":false,"trigger":0,"walkAnime":true}],"x":0,"y":11},
{"id":4,"name":"EV004","note":"","pages":[{"conditions":{"actorId":1,"actorValid":false,"itemId":1,"itemValid":false,"selfSwitchCh":"A","selfSwitchValid":false,"switch1Id":1,"switch1Valid":false,"switch2Id":1,"switch2Valid":false,"variableId":1,"variableValid":false,"variableValue":0},"directionFix":false,"image":{"characterIndex":0,"characterName":"","direction":2,"pattern":0,"tileId":0},"list":[{"code":0,"indent":0,"parameters":[]}],"moveFrequency":3,"moveRoute":{"list":[{"code":0,"parameters":[]}],"repeat":true,"skippable":false,"wait":false},"moveSpeed":3,"moveType":0,"priorityType":1,"stepAnime":false,"through":false,"trigger":0,"walkAnime":true}],"x":1,"y":12},
null
]
}