{
"autoplayBgm":false,"autoplayBgs":false,"battleback1Name":"","battleback2Name":"","bgm":{"name":"","pan":0,"pitch":100,"volume":90},"bgs":{"name":"","pan":0,"pitch":100,"volume":90},"disableDashing":false,"displayName":"","encounterList":[],"encounterStep":30,"height":13,"note":"","parallaxLoopX":false,"parallaxLoopY":false,"parallaxName":"","parallaxShow":true,"parallaxSx":0,"parallaxSy":0,"scrollType":0,"specifyBattleback":false,"tilesetId":1,"width":17,
"data":[0,0,0,0,0,0,0,0,0,0,0,0,0,0,0,0,0,0,0,0,0,0,0,0,0,0,0,0,0,0,0,0,0,0,0,0,0,0,0,0,0,0,0,0,0,0,0,0,0,0,0,0,0,0,0,0,0,0,0,0,0,0,0,0,0,0,0,0,0,0,0,0,0,0,0,0,0,0,0,0,0,0,0,0,0,0,0,0,0,0,0,0,0,0,0,0,0,0,0,0,0,0,0,0,0,0,0,0,0,0,0,0,0,0,0,0,0,0,0,0,0,0,0,0,0,0,0,0,0,0,0,0,0,0,0,0,0,0,0,0,0,0,0,0,0,0,0,0,0,0,0,0,0,0,0,0,0,0,0,0,0,0,0,0,0,0,0,0,0,0,0,0,0,0,0,0,0,0,0,0,0,0,0,0,0,0,0,0,0,0,0,0,0,0,0,0,0,0,0,0,0,0,0,0,0,0,0,0,0,0,0,0,0,0,0,0,0,0,0,0,0,0,0,0,0,0,0,0,0,0,0,0,0,0,0,0,0,0,0,0,0,0,0,0,0,0,0,0,0,0,0,0,0,0,0,0,0,0,0,0,0,0,0,0,0,0,0,0,0,0,0,0,0,0,0,0,0,0,0,0,0,0,0,0,0,0,0,0,0,0,0,0,0,0,0,0,0,0,0,0,0,0,0,0,0,0,0,0,0,0,0,0,0,0,0,0,0,0,0,0,0,0,0,0,0,0,0,0,0,0,0,0,0,0,0,0,0,0,0,0,0,0,0,0,0,0,0,0,0,0,0,0,0,0,0,0,0,0,0,0,0,0,0,0,0,0,0,0,0,0,0,0,0,0,0,0,0,0,0,0,0,0,0,0,0,0,0,0,0,0,0,0,0,0,0,0,0,0,0,0,0,0,0,0,0,0,0,0,0,0,0,0,0,0,0,0,0,0,0,0,0,0,0,0,0,0,0,0,0,0,0,0,0,0,0,0,0,0,0,0,0,0,0,0,0,0,0,0,0,0,0,0,0,0,0,0,0,0,0,0,0,0,0,0,0,0,0,0,0,0,0,0,0,0,0,0,0,0,0,0,0,0,0,0,0,0,0,0,0,0,0,0,0,0,0,0,0,0,0,0,0,0,0,0,0,0,0,0,0,0,0,0,0,0,0,0,0,0,0,0,0,0,0,0,0,0,0,0,0,0,0,0,0,0,0,0,0,0,0,0,0,0,0,0,0,0,0,0,0,0,0,0,0,0,0,0,0,0,0,0,0,0,0,0,0,0,0,0,0,0,0,0,0,0,0,0,0,0,0,0,0,0,0,0,0,0,0,0,0,0,0,0,0,0,0,0,0,0,0,0,0,0,0,0,0,0,0,0,0,0,0,0,0,0,0,0,0,0,0,0,0,0,0,0,0,0,0,0,0,0,0,0,0,0,0,0,0,0,0,0,0,0,0,0,0,0,0,0,0,0,0,0,0,0,0,0,0,0,0,0,0,0,0,0,0,0,0,0,0,0,0,0,0,0,0,0,0,0,0,0,0,0,0,0,0,0,0,0,0,0,0,0,0,0,0,0,0,0,0,0,0,0,0,0,0,0,0,0,0,0,0,0,0,0,0,0,0,0,0,0,0,0,0,0,0,0,0,0,0,0,0,0,0,0,0,0,0,0,0,0,0,0,0,0,0,0,0,0,0,0,0,0,0,0,0,0,0,0,0,0,0,0,0,0,0,0,0,0,0,0,0,0,0,0,0,0,0,0,0,0,0,0,0,0,0,0,0,0,0,0,0,0,0,0,0,0,0,0,0,0,0,0,0,0,0,0,0,0,0,0,0,0,0,0,0,0,0,0,0,0,0,0,0,0,0,0,0,0,0,0,0,0,0,0,0,0,0,0,0,0,0,0,0,0,0,0,0,0,0,0,0,0,0,0,0,0,0,0,0,0,0,0,0,0,0,0,0,0,0,0,0,0,0,0,0,0,0,0,0,0,0,0,0,0,0,0,0,0,0,0,0,0,0,0,0,0,0,0,0,0,0,0,0,0,0,0,0,0,0,0,0,0,0,0,0,0,0,0,0,0,0,0,0,0,0,0,0,0,0,0,0,0,0,0,0,0,0,0,0,0,0,0,0,0,0,0,0,0,0,0,0,0,0,0,0,0,0,0,0,0,0,0,0,0,0,0,0,0,0,0,0,0,0,0,0,0,0,0,0,0,0,0,0,0,0,0,0,0,0,0,0,0,0,0,0,0,0,0,0,0,0,0,0,0,0,0,0,0,0,0,0,0,0,0,0,0,0,0,0,0,0,0,0,0,0,0,0,0,0,0,0,0,0,0,0,0,0,0,0,0,0,0,0,0,0,0,0,0,0,0,0,0,0,0,0,0,0,0,0,0,0,0,0,0,0,0,0,0,0,0,0,0,0,0,0,0,0,0,0,0,0,0,0,0,0,0,0,0,0,0,0,0,0,0,0,0,0,0,0,0,0,0,0,0,0,0,0,0,0,0,0,0,0,0,0,0,0,0,0,0,0,0,0,0,0,0,0,0,0,0,0,0,0,0,0,0,0,0,0,0,0,0,0,0,0,0,0,0,0,0,0,0,0,0,0,0,0,0,0,0,0,0,0,0,0,0,0,0,0,0,0,0,0,0,0,0,0,0,0,0,0,0,0,0,0,0,0,0,0,0,0,0,0,0,0,0,0,0,0,0,0,0,0,0,0,0,0,0,0,0,0,0,0,0,0,0,0,0,0,0,0,0,0,0,0,0,0,0,0,0,0,0,0,0,0,0,0,0,0,0,0,0,0,0,0,0,0,0,0,0,0,0,0,0,0,0,0,0,0,0,0,0,0,0,0,0,0,0,0,0,0,0,0,0,0,0,0,0,0,0,0,0,0,0,0,0,0,0,0,0,0,0,0,0,0,0,0,0,0,0,0,0,0,0,0,0,0,0,0,0,0,0,0,0,0,0,0,0,0,0,0,0,0,0,0,0],
"events":[
null,
{"id":1,"name":"EV001","note":"","pages":[{"conditions":{"actorId":1,"actorValid":false,"itemId":1,"itemValid":false,"selfSwitchCh":"A","selfSwitchValid":false,"switch1Id":1,"switch1Valid":false,"switch2Id":1,"switch2Valid":false,"variableId":1,"variableValid":false,"variableValue":0},"directionFix":false,"image":{"characterIndex":0,"characterName":"","direction":2,"pattern":0,"tileId":0},"list":[{"code":231,"indent":0,"parameters":[70,"blackscreen",0,0,0,0,100,100,255,0]},{"code":122,"indent":0,"parameters":[1816,1816,0,0,0]},{"code":230,"indent":0,"parameters":[10]},{"code":108,"indent":0,"parameters":["KARIN"]},{"code":111,"indent":0,"parameters":[1,1389,0,0,0]},{"code":111,"indent":1,"parameters":[0,2404,1]},{"code":111,"indent":2,"parameters":[0,3433,1]},{"code":111,"indent":3,"parameters":[0,4580,1]},{"code":111,"indent":4,"parameters":[1,2548,0,0,0]},{"code":231,"indent":5,"parameters":[57,"train_karin",0,0,513,168,100,100,255,0]},{"code":122,"indent":5,"parameters":[1816,1816,1,0,1]},{"code":0,"indent":5,"parameters":[]},{"code":412,"indent":4,"parameters":[]},{"code":0,"indent":4,"parameters":[]},{"code":412,"indent":3,"parameters":[]},{"code":0,"indent":3,"parameters":[]},{"code":412,"indent":2,"parameters":[]},{"code":0,"indent":2,"parameters":[]},{"code":412,"indent":1,"parameters":[]},{"code":108,"indent":1,"parameters":["OSAA"]},{"code":111,"indent":1,"parameters":[0,2401,1]},{"code":111,"indent":2,"parameters":[0,3774,1]},{"code":111,"indent":3,"parameters":[0,3814,1]},{"code":111,"indent":4,"parameters":[1,2545,0,0,0]},{"code":231,"indent":5,"parameters":[62,"train_osaa",0,0,590,180,100,100,255,0]},{"code":122,"indent":5,"parameters":[1816,1816,1,0,1]},{"code":0,"indent":5,"parameters":[]},{"code":412,"indent":4,"parameters":[]},{"code":0,"indent":4,"parameters":[]},{"code":412,"indent":3,"parameters":[]},{"code":0,"indent":3,"parameters":[]},{"code":412,"indent":2,"parameters":[]},{"code":0,"indent":2,"parameters":[]},{"code":412,"indent":1,"parameters":[]},{"code":108,"indent":1,"parameters":["OLIVIA"]},{"code":111,"indent":1,"parameters":[0,2402,1]},{"code":111,"indent":2,"parameters":[0,2695,1]},{"code":111,"indent":3,"parameters":[0,4751,1]},{"code":111,"indent":4,"parameters":[1,2546,0,0,0]},{"code":231,"indent":5,"parameters":[60,"train_olivia",0,0,164,290,100,100,255,0]},{"code":122,"indent":5,"parameters":[1816,1816,1,0,1]},{"code":0,"indent":5,"parameters":[]},{"code":412,"indent":4,"parameters":[]},{"code":0,"indent":4,"parameters":[]},{"code":412,"indent":3,"parameters":[]},{"code":0,"indent":3,"parameters":[]},{"code":412,"indent":2,"parameters":[]},{"code":0,"indent":2,"parameters":[]},{"code":412,"indent":1,"parameters":[]},{"code":108,"indent":1,"parameters":["MARCOH"]},{"code":111,"indent":1,"parameters":[0,2403,1]},{"code":111,"indent":2,"parameters":[0,2676,1]},{"code":111,"indent":3,"parameters":[0,2791,1]},{"code":111,"indent":4,"parameters":[1,2547,0,0,0]},{"code":231,"indent":5,"parameters":[63,"train_marcoh",0,0,652,229,100,100,255,0]},{"code":122,"indent":5,"parameters":[1816,1816,1,0,1]},{"code":0,"indent":5,"parameters":[]},{"code":412,"indent":4,"parameters":[]},{"code":0,"indent":4,"parameters":[]},{"code":412,"indent":3,"parameters":[]},{"code":0,"indent":3,"parameters":[]},{"code":412,"indent":2,"parameters":[]},{"code":0,"indent":2,"parameters":[]},{"code":412,"indent":1,"parameters":[]},{"code":108,"indent":1,"parameters":["DAAN"]},{"code":111,"indent":1,"parameters":[0,243,1]},{"code":111,"indent":2,"parameters":[0,2815,1]},{"code":111,"indent":3,"parameters":[0,4752,1]},{"code":111,"indent":4,"parameters":[1,2543,0,0,0]},{"code":231,"indent":5,"parameters":[55,"train_daan",0,0,224,169,100,100,255,0]},{"code":122,"indent":5,"parameters":[1816,1816,1,0,1]},{"code":0,"indent":5,"parameters":[]},{"code":412,"indent":4,"parameters":[]},{"code":0,"indent":4,"parameters":[]},{"code":412,"indent":3,"parameters":[]},{"code":0,"indent":3,"parameters":[]},{"code":412,"indent":2,"parameters":[]},{"code":0,"indent":2,"parameters":[]},{"code":412,"indent":1,"parameters":[]},{"code":108,"indent":1,"parameters":["ABELLA"]},{"code":111,"indent":1,"parameters":[0,244,1]},{"code":111,"indent":2,"parameters":[0,2637,1]},{"code":111,"indent":3,"parameters":[0,2657,1]},{"code":111,"indent":4,"parameters":[1,2544,0,0,0]},{"code":231,"indent":5,"parameters":[58,"train_abella",0,0,84,189,100,100,255,0]},{"code":122,"indent":5,"parameters":[1816,1816,1,0,1]},{"code":0,"indent":5,"parameters":[]},{"code":412,"indent":4,"parameters":[]},{"code":0,"indent":4,"parameters":[]},{"code":412,"indent":3,"parameters":[]},{"code":0,"indent":3,"parameters":[]},{"code":412,"indent":2,"parameters":[]},{"code":0,"indent":2,"parameters":[]},{"code":412,"indent":1,"parameters":[]},{"code":108,"indent":1,"parameters":["LEVI"]},{"code":111,"indent":1,"parameters":[0,246,1]},{"code":111,"indent":2,"parameters":[0,3485,1]},{"code":111,"indent":3,"parameters":[0,3539,1]},{"code":111,"indent":4,"parameters":[1,2541,0,0,0]},{"code":231,"indent":5,"parameters":[54,"train_levi",0,0,343,190,100,100,255,0]},{"code":122,"indent":5,"parameters":[1816,1816,1,0,1]},{"code":0,"indent":5,"parameters":[]},{"code":412,"indent":4,"parameters":[]},{"code":0,"indent":4,"parameters":[]},{"code":412,"indent":3,"parameters":[]},{"code":0,"indent":3,"parameters":[]},{"code":412,"indent":2,"parameters":[]},{"code":0,"indent":2,"parameters":[]},{"code":412,"indent":1,"parameters":[]},{"code":108,"indent":1,"parameters":["MARINA"]},{"code":111,"indent":1,"parameters":[0,242,1]},{"code":111,"indent":2,"parameters":[0,3552,1]},{"code":111,"indent":3,"parameters":[0,1520,1]},{"code":111,"indent":4,"parameters":[1,2542,0,0,0]},{"code":231,"indent":5,"parameters":[61,"train_marina",0,0,448,186,100,100,255,0]},{"code":122,"indent":5,"parameters":[1816,1816,1,0,1]},{"code":0,"indent":5,"parameters":[]},{"code":412,"indent":4,"parameters":[]},{"code":0,"indent":4,"parameters":[]},{"code":412,"indent":3,"parameters":[]},{"code":0,"indent":3,"parameters":[]},{"code":412,"indent":2,"parameters":[]},{"code":0,"indent":2,"parameters":[]},{"code":412,"indent":1,"parameters":[]},{"code":108,"indent":1,"parameters":["PAV"]},{"code":111,"indent":1,"parameters":[0,2410,1]},{"code":111,"indent":2,"parameters":[0,2729,1]},{"code":231,"indent":3,"parameters":[53,"train_pav",0,0,400,90,100,100,255,0]},{"code":122,"indent":3,"parameters":[1816,1816,1,0,1]},{"code":0,"indent":3,"parameters":[]},{"code":412,"indent":2,"parameters":[]},{"code":0,"indent":2,"parameters":[]},{"code":412,"indent":1,"parameters":[]},{"code":108,"indent":1,"parameters":["AUGUST"]},{"code":111,"indent":1,"parameters":[0,2407,1]},{"code":111,"indent":2,"parameters":[0,4243,1]},{"code":111,"indent":3,"parameters":[0,4578,1]},{"code":231,"indent":4,"parameters":[51,"train_august",0,0,551,119,100,100,255,0]},{"code":122,"indent":4,"parameters":[1816,1816,1,0,1]},{"code":0,"indent":4,"parameters":[]},{"code":412,"indent":3,"parameters":[]},{"code":0,"indent":3,"parameters":[]},{"code":412,"indent":2,"parameters":[]},{"code":0,"indent":2,"parameters":[]},{"code":412,"indent":1,"parameters":[]},{"code":108,"indent":1,"parameters":["CALIGURA"]},{"code":111,"indent":1,"parameters":[0,2408,1]},{"code":111,"indent":2,"parameters":[0,3401,1]},{"code":111,"indent":3,"parameters":[0,4551,1]},{"code":231,"indent":4,"parameters":[52,"train_caligura",0,0,317,129,100,100,255,0]},{"code":122,"indent":4,"parameters":[1816,1816,1,0,1]},{"code":0,"indent":4,"parameters":[]},{"code":412,"indent":3,"parameters":[]},{"code":0,"indent":3,"parameters":[]},{"code":412,"indent":2,"parameters":[]},{"code":0,"indent":2,"parameters":[]},{"code":412,"indent":1,"parameters":[]},{"code":108,"indent":1,"parameters":["SAMARIE"]},{"code":111,"indent":1,"parameters":[0,2406,1]},{"code":111,"indent":2,"parameters":[0,3681,1]},{"code":111,"indent":3,"parameters":[0,5000,1]},{"code":231,"indent":4,"parameters":[56,"train_samarie",0,0,438,153,100,100,255,0]},{"code":122,"indent":4,"parameters":[1816,1816,1,0,1]},{"code":0,"indent":4,"parameters":[]},{"code":412,"indent":3,"parameters":[]},{"code":0,"indent":3,"parameters":[]},{"code":412,"indent":2,"parameters":[]},{"code":0,"indent":2,"parameters":[]},{"code":412,"indent":1,"parameters":[]},{"code":108,"indent":1,"parameters":["HENRYK"]},{"code":111,"indent":1,"parameters":[0,2409,1]},{"code":111,"indent":2,"parameters":[0,2626,1]},{"code":111,"indent":3,"parameters":[0,4716,1]},{"code":231,"indent":4,"parameters":[59,"train_henryk",0,0,2,199,100,100,255,0]},{"code":122,"indent":4,"parameters":[1816,1816,1,0,1]},{"code":0,"indent":4,"parameters":[]},{"code":412,"indent":3,"parameters":[]},{"code":0,"indent":3,"parameters":[]},{"code":412,"indent":2,"parameters":[]},{"code":0,"indent":2,"parameters":[]},{"code":412,"indent":1,"parameters":[]},{"code":108,"indent":1,"parameters":["TANAKA"]},{"code":111,"indent":1,"parameters":[0,2405,1]},{"code":111,"indent":2,"parameters":[0,2685,1]},{"code":111,"indent":3,"parameters":[0,2774,1]},{"code":231,"indent":4,"parameters":[64,"train_tanaka",0,0,713,243,100,100,255,0]},{"code":122,"indent":4,"parameters":[1816,1816,1,0,1]},{"code":0,"indent":4,"parameters":[]},{"code":412,"indent":3,"parameters":[]},{"code":0,"indent":3,"parameters":[]},{"code":412,"indent":2,"parameters":[]},{"code":0,"indent":2,"parameters":[]},{"code":412,"indent":1,"parameters":[]},{"code":0,"indent":1,"parameters":[]},{"code":411,"indent":0,"parameters":[]},{"code":0,"indent":1,"parameters":[]},{"code":412,"indent":0,"parameters":[]},{"code":231,"indent":0,"parameters":[50,"train_ending",0,0,-135,0,100,100,255,0]},{"code":232,"indent":0,"parameters":[70,0,0,0,0,0,100,100,0,0,130,true]},{"code":230,"indent":0,"parameters":[60]},{"code":111,"indent":0,"parameters":[1,1816,0,0,0]},{"code":101,"indent":1,"parameters":["",0,1,2]},{"code":401,"indent":1,"parameters":["Not a single soul returned from this trip..."]},{"code":0,"indent":1,"parameters":[]},{"code":411,"indent":0,"parameters":[]},{"code":111,"indent":1,"parameters":[1,1816,0,1,3]},{"code":101,"indent":2,"parameters":["",0,1,2]},{"code":401,"indent":2,"parameters":["\\c[2]\\v[1816]\\c[0] managed to survive through all the horrors..."]},{"code":0,"indent":2,"parameters":[]},{"code":411,"indent":1,"parameters":[]},{"code":101,"indent":2,"parameters":["",0,1,2]},{"code":401,"indent":2,"parameters":["Only \\c[2]1\\c[0] managed to survive through all the horrors..."]},{"code":0,"indent":2,"parameters":[]},{"code":412,"indent":1,"parameters":[]},{"code":0,"indent":1,"parameters":[]},{"code":412,"indent":0,"parameters":[]},{"code":230,"indent":0,"parameters":[100]},{"code":111,"indent":0,"parameters":[13,0]},{"code":232,"indent":1,"parameters":[70,0,0,0,0,0,100,100,255,0,130,true]},{"code":0,"indent":1,"parameters":[]},{"code":412,"indent":0,"parameters":[]},{"code":230,"indent":0,"parameters":[40]},{"code":123,"indent":0,"parameters":["A",0]},{"code":0,"indent":0,"parameters":[]}],"moveFrequency":3,"moveRoute":{"list":[{"code":0,"parameters":[]}],"repeat":true,"skippable":false,"wait":false},"moveSpeed":3,"moveType":0,"priorityType":0,"stepAnime":false,"through":false,"trigger":3,"walkAnime":true},{"conditions":{"actorId":1,"actorValid":false,"itemId":1,"itemValid":false,"selfSwitchCh":"D","selfSwitchValid":false,"switch1Id":1,"switch1Valid":false,"switch2Id":1,"switch2Valid":false,"variableId":1388,"variableValid":true,"variableValue":1},"directionFix":false,"image":{"characterIndex":0,"characterName":"","direction":2,"pattern":0,"tileId":0},"list":[{"code":231,"indent":0,"parameters":[70,"blackscreen",0,0,0,0,100,100,255,0]},{"code":122,"indent":0,"parameters":[1816,1816,0,0,0]},{"code":230,"indent":0,"parameters":[10]},{"code":108,"indent":0,"parameters":["KARIN"]},{"code":111,"indent":0,"parameters":[0,2404,0]},{"code":231,"indent":1,"parameters":[57,"train_karin",0,0,513,168,100,100,255,0]},{"code":0,"indent":1,"parameters":[]},{"code":412,"indent":0,"parameters":[]},{"code":108,"indent":0,"parameters":["OSAA"]},{"code":111,"indent":0,"parameters":[0,2401,0]},{"code":231,"indent":1,"parameters":[62,"train_osaa",0,0,590,180,100,100,255,0]},{"code":0,"indent":1,"parameters":[]},{"code":412,"indent":0,"parameters":[]},{"code":108,"indent":0,"parameters":["OLIVIA"]},{"code":111,"indent":0,"parameters":[0,2402,0]},{"code":231,"indent":1,"parameters":[60,"train_olivia",0,0,164,290,100,100,255,0]},{"code":0,"indent":1,"parameters":[]},{"code":412,"indent":0,"parameters":[]},{"code":108,"indent":0,"parameters":["MARCOH"]},{"code":111,"indent":0,"parameters":[0,2403,0]},{"code":231,"indent":1,"parameters":[63,"train_marcoh",0,0,652,229,100,100,255,0]},{"code":0,"indent":1,"parameters":[]},{"code":412,"indent":0,"parameters":[]},{"code":108,"indent":0,"parameters":["DAAN"]},{"code":111,"indent":0,"parameters":[0,243,0]},{"code":231,"indent":1,"parameters":[55,"train_daan",0,0,224,169,100,100,255,0]},{"code":0,"indent":1,"parameters":[]},{"code":412,"indent":0,"parameters":[]},{"code":108,"indent":0,"parameters":["ABELLA"]},{"code":111,"indent":0,"parameters":[0,244,0]},{"code":231,"indent":1,"parameters":[58,"train_abella",0,0,84,189,100,100,255,0]},{"code":0,"indent":1,"parameters":[]},{"code":412,"indent":0,"parameters":[]},{"code":108,"indent":0,"parameters":["LEVI"]},{"code":111,"indent":0,"parameters":[0,246,0]},{"code":231,"indent":1,"parameters":[54,"train_levi",0,0,343,190,100,100,255,0]},{"code":0,"indent":1,"parameters":[]},{"code":412,"indent":0,"parameters":[]},{"code":108,"indent":0,"parameters":["MARINA"]},{"code":111,"indent":0,"parameters":[0,242,0]},{"code":231,"indent":1,"parameters":[61,"train_marina",0,0,448,186,100,100,255,0]},{"code":0,"indent":1,"parameters":[]},{"code":412,"indent":0,"parameters":[]},{"code":108,"indent":0,"parameters":["PAV"]},{"code":111,"indent":0,"parameters":[0,2410,0]},{"code":231,"indent":1,"parameters":[53,"train_pav",0,0,400,90,100,100,255,0]},{"code":0,"indent":1,"parameters":[]},{"code":412,"indent":0,"parameters":[]},{"code":108,"indent":0,"parameters":["AUGUST"]},{"code":111,"indent":0,"parameters":[0,2407,0]},{"code":231,"indent":1,"parameters":[51,"train_august",0,0,551,119,100,100,255,0]},{"code":0,"indent":1,"parameters":[]},{"code":412,"indent":0,"parameters":[]},{"code":108,"indent":0,"parameters":["CALIGURA"]},{"code":111,"indent":0,"parameters":[0,2408,0]},{"code":231,"indent":1,"parameters":[52,"train_caligura",0,0,317,129,100,100,255,0]},{"code":0,"indent":1,"parameters":[]},{"code":412,"indent":0,"parameters":[]},{"code":108,"indent":0,"parameters":["SAMARIE"]},{"code":111,"indent":0,"parameters":[0,2406,0]},{"code":231,"indent":1,"parameters":[56,"train_samarie",0,0,438,153,100,100,255,0]},{"code":0,"indent":1,"parameters":[]},{"code":412,"indent":0,"parameters":[]},{"code":108,"indent":0,"parameters":["HENRYK"]},{"code":111,"indent":0,"parameters":[0,2409,0]},{"code":231,"indent":1,"parameters":[59,"train_henryk",0,0,2,199,100,100,255,0]},{"code":0,"indent":1,"parameters":[]},{"code":412,"indent":0,"parameters":[]},{"code":108,"indent":0,"parameters":["TANAKA"]},{"code":111,"indent":0,"parameters":[0,2405,0]},{"code":231,"indent":1,"parameters":[64,"train_tanaka",0,0,713,243,100,100,255,0]},{"code":0,"indent":1,"parameters":[]},{"code":412,"indent":0,"parameters":[]},{"code":231,"indent":0,"parameters":[50,"train_ending",0,0,-135,0,100,100,255,0]},{"code":232,"indent":0,"parameters":[70,0,0,0,0,0,100,100,0,0,160,true]},{"code":230,"indent":0,"parameters":[60]},{"code":101,"indent":0,"parameters":["",0,1,2]},{"code":401,"indent":0,"parameters":["The only soul that returned from the trip was you..."]},{"code":230,"indent":0,"parameters":[100]},{"code":111,"indent":0,"parameters":[13,0]},{"code":232,"indent":1,"parameters":[70,0,0,0,0,0,100,100,255,0,150,true]},{"code":230,"indent":1,"parameters":[40]},{"code":0,"indent":1,"parameters":[]},{"code":412,"indent":0,"parameters":[]},{"code":231,"indent":0,"parameters":[66,"book_photo",0,0,32,5,90,90,0,0]},{"code":111,"indent":0,"parameters":[0,246,0]},{"code":231,"indent":1,"parameters":[67,"ending_exsoldier",0,0,105,-55,100,100,0,0]},{"code":121,"indent":1,"parameters":[1428,1428,0]},{"code":0,"indent":1,"parameters":[]},{"code":411,"indent":0,"parameters":[]},{"code":111,"indent":1,"parameters":[0,242,0]},{"code":231,"indent":2,"parameters":[67,"ending_occultist",0,0,0,0,100,100,0,0]},{"code":121,"indent":2,"parameters":[1429,1429,0]},{"code":0,"indent":2,"parameters":[]},{"code":411,"indent":1,"parameters":[]},{"code":111,"indent":2,"parameters":[0,243,0]},{"code":231,"indent":3,"parameters":[67,"ending_doctor",0,0,0,0,100,100,0,0]},{"code":121,"indent":3,"parameters":[1430,1430,0]},{"code":0,"indent":3,"parameters":[]},{"code":411,"indent":2,"parameters":[]},{"code":111,"indent":3,"parameters":[0,244,0]},{"code":231,"indent":4,"parameters":[67,"ending_mechanic",0,0,0,0,100,100,0,0]},{"code":121,"indent":4,"parameters":[1431,1431,0]},{"code":0,"indent":4,"parameters":[]},{"code":411,"indent":3,"parameters":[]},{"code":111,"indent":4,"parameters":[0,2401,0]},{"code":231,"indent":5,"parameters":[67,"ending_yellowmage",0,0,0,0,100,100,0,0]},{"code":121,"indent":5,"parameters":[1432,1432,0]},{"code":0,"indent":5,"parameters":[]},{"code":411,"indent":4,"parameters":[]},{"code":111,"indent":5,"parameters":[0,2402,0]},{"code":231,"indent":6,"parameters":[67,"ending_botanist",0,0,0,0,100,100,0,0]},{"code":121,"indent":6,"parameters":[1433,1433,0]},{"code":0,"indent":6,"parameters":[]},{"code":411,"indent":5,"parameters":[]},{"code":111,"indent":6,"parameters":[0,2403,0]},{"code":231,"indent":7,"parameters":[67,"ending_thug",0,0,0,0,100,100,0,0]},{"code":121,"indent":7,"parameters":[1434,1434,0]},{"code":0,"indent":7,"parameters":[]},{"code":411,"indent":6,"parameters":[]},{"code":111,"indent":7,"parameters":[0,2404,0]},{"code":231,"indent":8,"parameters":[67,"ending_journalist",0,0,0,0,100,100,0,0]},{"code":121,"indent":8,"parameters":[1435,1435,0]},{"code":0,"indent":8,"parameters":[]},{"code":411,"indent":7,"parameters":[]},{"code":0,"indent":8,"parameters":[]},{"code":412,"indent":7,"parameters":[]},{"code":0,"indent":7,"parameters":[]},{"code":412,"indent":6,"parameters":[]},{"code":0,"indent":6,"parameters":[]},{"code":412,"indent":5,"parameters":[]},{"code":0,"indent":5,"parameters":[]},{"code":412,"indent":4,"parameters":[]},{"code":0,"indent":4,"parameters":[]},{"code":412,"indent":3,"parameters":[]},{"code":0,"indent":3,"parameters":[]},{"code":412,"indent":2,"parameters":[]},{"code":0,"indent":2,"parameters":[]},{"code":412,"indent":1,"parameters":[]},{"code":0,"indent":1,"parameters":[]},{"code":412,"indent":0,"parameters":[]},{"code":111,"indent":0,"parameters":[13,0]},{"code":231,"indent":1,"parameters":[65,"blackscreen",0,0,0,0,100,100,0,0]},{"code":230,"indent":1,"parameters":[5]},{"code":232,"indent":1,"parameters":[65,0,0,0,0,0,100,100,130,0,60,true]},{"code":0,"indent":1,"parameters":[]},{"code":412,"indent":0,"parameters":[]},{"code":250,"indent":0,"parameters":[{"name":"fnh_book1","volume":90,"pitch":100,"pan":0}]},{"code":232,"indent":0,"parameters":[66,0,0,0,32,10,90,90,255,0,60,false]},{"code":230,"indent":0,"parameters":[25]},{"code":250,"indent":0,"parameters":[{"name":"fnh_book1","volume":90,"pitch":150,"pan":0}]},{"code":232,"indent":0,"parameters":[67,0,0,0,105,-50,100,100,255,0,60,true]},{"code":230,"indent":0,"parameters":[60]},{"code":111,"indent":0,"parameters":[13,0]},{"code":232,"indent":1,"parameters":[70,0,0,0,0,0,100,100,0,0,80,true]},{"code":0,"indent":1,"parameters":[]},{"code":412,"indent":0,"parameters":[]},{"code":111,"indent":0,"parameters":[0,246,0]},{"code":101,"indent":1,"parameters":["",0,1,2]},{"code":401,"indent":1,"parameters":["After the events that transpired in your home town, there was no"]},{"code":401,"indent":1,"parameters":["looking back anymore."]},{"code":101,"indent":1,"parameters":["",0,1,2]},{"code":401,"indent":1,"parameters":["It was for the better. You were forced to cut all your ties to the"]},{"code":401,"indent":1,"parameters":["past. It was liberating. You were finally free."]},{"code":101,"indent":1,"parameters":["",0,1,2]},{"code":401,"indent":1,"parameters":["...Or that's how it felt for the first few weeks at least. Slowly "]},{"code":401,"indent":1,"parameters":["everything you had witnessed started to weigh on you."]},{"code":101,"indent":1,"parameters":["",0,1,2]},{"code":401,"indent":1,"parameters":["To push back all the misery and horrors, you drifted from one place"]},{"code":401,"indent":1,"parameters":["to another. Never growing roots to any specific place. Always on the"]},{"code":401,"indent":1,"parameters":["run so you wouldn't have to confront the past..."]},{"code":101,"indent":1,"parameters":["",0,1,2]},{"code":401,"indent":1,"parameters":["You'd arrive to a new city, in a new country, do whatever work you"]},{"code":401,"indent":1,"parameters":["got for a while until the events of Prehevil started to invade your"]},{"code":401,"indent":1,"parameters":["nightmares once again."]},{"code":101,"indent":1,"parameters":["",0,1,2]},{"code":401,"indent":1,"parameters":["That's when you knew it was time to go once again."]},{"code":101,"indent":1,"parameters":["",0,1,2]},{"code":401,"indent":1,"parameters":["Maybe one day you'd get far enough so the past couldn't follow you"]},{"code":401,"indent":1,"parameters":["anymore? Or maybe the past would finally catch up to you?"]},{"code":0,"indent":1,"parameters":[]},{"code":411,"indent":0,"parameters":[]},{"code":111,"indent":1,"parameters":[0,242,0]},{"code":101,"indent":2,"parameters":["",0,1,2]},{"code":401,"indent":2,"parameters":["You didn't have any burden left from your old life. It was a bitter"]},{"code":401,"indent":2,"parameters":["sweet feeling. Your ties to your family and past were severed thanks"]},{"code":401,"indent":2,"parameters":["to the traumatic events that transpired in Prehevil."]},{"code":101,"indent":2,"parameters":["",0,1,2]},{"code":401,"indent":2,"parameters":["The thought of returning to Vatican City to continue your studies"]},{"code":401,"indent":2,"parameters":["didn't sound appealing. Not after everything you had seen. Some"]},{"code":401,"indent":2,"parameters":["things were not meant for humans to meddle with."]},{"code":101,"indent":2,"parameters":["",0,1,2]},{"code":401,"indent":2,"parameters":["As years went on, you drifted all the way to the country of Valland"]},{"code":401,"indent":2,"parameters":["and found yourself settling down at the red lights district of"]},{"code":401,"indent":2,"parameters":["the capital."]},{"code":101,"indent":2,"parameters":["",0,1,2]},{"code":401,"indent":2,"parameters":["You had trouble fitting in with regular people who were unaware of"]},{"code":401,"indent":2,"parameters":["the greater scheme of things, but from the people that inhabited"]},{"code":401,"indent":2,"parameters":["the red lights district you found kindred spirits."]},{"code":101,"indent":2,"parameters":["",0,1,2]},{"code":401,"indent":2,"parameters":["Everyone carried baggage there and no one judged no one."]},{"code":101,"indent":2,"parameters":["",0,1,2]},{"code":401,"indent":2,"parameters":["Occult skills helped you make friends easily and there were many"]},{"code":401,"indent":2,"parameters":["ways you could make a living there with help of little magic."]},{"code":101,"indent":2,"parameters":["",0,1,2]},{"code":401,"indent":2,"parameters":["Things were pretty nice actually. Now if you could only tell who"]},{"code":401,"indent":2,"parameters":["this photobombing person was... She had been trying to make friends"]},{"code":401,"indent":2,"parameters":["with you for the longest time... Pretty annoying."]},{"code":0,"indent":2,"parameters":[]},{"code":411,"indent":1,"parameters":[]},{"code":111,"indent":2,"parameters":[0,243,0]},{"code":101,"indent":3,"parameters":["",0,1,2]},{"code":401,"indent":3,"parameters":["Well that solved nothing. All this and you were still none the "]},{"code":401,"indent":3,"parameters":["wiser."]},{"code":101,"indent":3,"parameters":["",0,1,2]},{"code":401,"indent":3,"parameters":["Mystic deities, unknown gods, unholy rituals... Nuggets of "]},{"code":401,"indent":3,"parameters":["information... Were the answers buried somewhere amongst all this"]},{"code":401,"indent":3,"parameters":["madness?"]},{"code":101,"indent":3,"parameters":["",0,1,2]},{"code":401,"indent":3,"parameters":["Would the answers even matter anymore? If the baron von Dutch had"]},{"code":401,"indent":3,"parameters":["dirtied his hands with blood, then you had reveled in bloodbath in"]},{"code":401,"indent":3,"parameters":["comparison to get where you are now."]},{"code":101,"indent":3,"parameters":["",0,1,2]},{"code":401,"indent":3,"parameters":["You hear the heavy footsteps of that wicked cat. He knows what"]},{"code":401,"indent":3,"parameters":["you've done. In Prehevil and before. The cat is circling around"]},{"code":401,"indent":3,"parameters":["you in the darkness. Just beyond your line of sight."]},{"code":101,"indent":3,"parameters":["",0,1,2]},{"code":401,"indent":3,"parameters":["Maybe you should just take his offer? What else do you got going"]},{"code":401,"indent":3,"parameters":["for you?"]},{"code":101,"indent":3,"parameters":["",0,1,2]},{"code":401,"indent":3,"parameters":["Nothing. That's right."]},{"code":101,"indent":3,"parameters":["",0,1,2]},{"code":401,"indent":3,"parameters":["It's peculiar, isn't it old sport? The life that is."]},{"code":0,"indent":3,"parameters":[]},{"code":411,"indent":2,"parameters":[]},{"code":111,"indent":3,"parameters":[0,244,0]},{"code":101,"indent":4,"parameters":["",0,1,2]},{"code":401,"indent":4,"parameters":["You couldn't sleep after what you had witnessed in Prehevil."]},{"code":401,"indent":4,"parameters":["You knew too much about the universe and what horrors it hid in"]},{"code":401,"indent":4,"parameters":["the darkness of the night."]},{"code":101,"indent":4,"parameters":["",0,1,2]},{"code":401,"indent":4,"parameters":["The endless void above in the sky taunted you. It laughed at you. "]},{"code":401,"indent":4,"parameters":["You had finally realized how miniscule humans truly were in the "]},{"code":401,"indent":4,"parameters":["grand scheme of things."]},{"code":101,"indent":4,"parameters":["",0,1,2]},{"code":401,"indent":4,"parameters":["Your insomnia almost drew you insane. But you had always been one"]},{"code":401,"indent":4,"parameters":["to look for answers and solutions. Surely there was an answer to "]},{"code":401,"indent":4,"parameters":["be found here too."]},{"code":101,"indent":4,"parameters":["",0,1,2]},{"code":401,"indent":4,"parameters":["The moon had paid you a visit and gazed at you for a brief second."]},{"code":401,"indent":4,"parameters":["To ask for answers, you'd need pay the Moon God a visit too."]},{"code":101,"indent":4,"parameters":["",0,1,2]},{"code":401,"indent":4,"parameters":["You took high positions in fields that studied space technology."]},{"code":401,"indent":4,"parameters":["Over the years, things started to advance and only after a decade"]},{"code":401,"indent":4,"parameters":["you were already getting ready to launch people to the moon."]},{"code":101,"indent":4,"parameters":["",0,1,2]},{"code":401,"indent":4,"parameters":["You'd get an audience with the moon soon. Not with ancient rituals"]},{"code":401,"indent":4,"parameters":["or occult, but thanks to technology and human wit."]},{"code":101,"indent":4,"parameters":["",0,1,2]},{"code":401,"indent":4,"parameters":["Whether it was a good idea remains to be seen..."]},{"code":0,"indent":4,"parameters":[]},{"code":411,"indent":3,"parameters":[]},{"code":111,"indent":4,"parameters":[0,2401,0]},{"code":101,"indent":5,"parameters":["",0,1,2]},{"code":401,"indent":5,"parameters":["The cult of sulfur... the followers of Rher... the church of "]},{"code":401,"indent":5,"parameters":["Alll-mer... Were they any different from yellow mages?"]},{"code":101,"indent":5,"parameters":["",0,1,2]},{"code":401,"indent":5,"parameters":["They all served someone else ultimately. Your master just happened"]},{"code":401,"indent":5,"parameters":["to be a foul mouthed old raisin whom the time had forgotten."]},{"code":101,"indent":5,"parameters":["",0,1,2]},{"code":401,"indent":5,"parameters":["You threw your master to the nearest lake. Maybe some poor bastard"]},{"code":401,"indent":5,"parameters":["would find him there centuries later and be led like a fool on a"]},{"code":401,"indent":5,"parameters":["leash to do their master's bidding. But that was not your part"]},{"code":401,"indent":5,"parameters":["any longer."]},{"code":101,"indent":5,"parameters":["",0,1,2]},{"code":401,"indent":5,"parameters":["You returned to Abyssonia, to your homeland."]},{"code":101,"indent":5,"parameters":["",0,1,2]},{"code":401,"indent":5,"parameters":["The reason you had initially left the whole continent was because"]},{"code":401,"indent":5,"parameters":["of the state of religion and worship there. The teachings of "]},{"code":401,"indent":5,"parameters":["Alll-mer had taken over the old beliefs."]},{"code":101,"indent":5,"parameters":["",0,1,2]},{"code":401,"indent":5,"parameters":["You had gathered enough knowledge and skills on your travels to "]},{"code":401,"indent":5,"parameters":["rival what the local temples promoted."]},{"code":101,"indent":5,"parameters":["",0,1,2]},{"code":401,"indent":5,"parameters":["These lands would follow your teachings in the future. Teachings"]},{"code":401,"indent":5,"parameters":["that would benefit the ones practitioning your way. Not the ones"]},{"code":401,"indent":5,"parameters":["in power, nor the establishment."]},{"code":101,"indent":5,"parameters":["",0,1,2]},{"code":401,"indent":5,"parameters":["One could almost be fooled into thinking this was an altruistic "]},{"code":401,"indent":5,"parameters":["act. Of course in a true yellow mage manner, you'd be the one on "]},{"code":401,"indent":5,"parameters":["top of the pyramid this time around."]},{"code":0,"indent":5,"parameters":[]},{"code":411,"indent":4,"parameters":[]},{"code":111,"indent":5,"parameters":[0,2402,0]},{"code":101,"indent":6,"parameters":["",0,1,2]},{"code":401,"indent":6,"parameters":["Something good actually came from your traumatic experiences in"]},{"code":401,"indent":6,"parameters":["Prehevil. It did take years of therapy to realize this, but slowly "]},{"code":401,"indent":6,"parameters":["you understood what you were truly capable of."]},{"code":101,"indent":6,"parameters":["",0,1,2]},{"code":401,"indent":6,"parameters":["You were the Champion of Termina. You. In your wheelchair and"]},{"code":401,"indent":6,"parameters":["all. Somehow you were the sole survivor in what took place in"]},{"code":401,"indent":6,"parameters":["that godforsaken backwaters town."]},{"code":101,"indent":6,"parameters":["",0,1,2]},{"code":401,"indent":6,"parameters":["You also started to feel the spirit of your sister as years went"]},{"code":401,"indent":6,"parameters":["on. She was accompanying you everywhere you went."]},{"code":101,"indent":6,"parameters":["",0,1,2]},{"code":401,"indent":6,"parameters":["You never fully understood what happened to her, but she followed"]},{"code":401,"indent":6,"parameters":["you every step of the way since you two left that wicked city."]},{"code":101,"indent":6,"parameters":["",0,1,2]},{"code":401,"indent":6,"parameters":["You gained courage and confidence from that ordeal. With that newly"]},{"code":401,"indent":6,"parameters":["found confidence you set out on the most remote locations in the"]},{"code":401,"indent":6,"parameters":["world to study their flora and fauna."]},{"code":101,"indent":6,"parameters":["",0,1,2]},{"code":401,"indent":6,"parameters":["You had learned that the nature took care of you no matter where"]},{"code":401,"indent":6,"parameters":["you went. You didn't have limitations of human body anymore."]},{"code":101,"indent":6,"parameters":["",0,1,2]},{"code":401,"indent":6,"parameters":["For the first time in your life, you felt true freedom."]},{"code":0,"indent":6,"parameters":[]},{"code":411,"indent":5,"parameters":[]},{"code":111,"indent":6,"parameters":[0,2403,0]},{"code":101,"indent":7,"parameters":["",0,1,2]},{"code":401,"indent":7,"parameters":["The city of Prehevil was meant to be just a stepping stone on "]},{"code":401,"indent":7,"parameters":["your path to greener pastures. Instead it turned out to be a place "]},{"code":401,"indent":7,"parameters":["that shaped the very person you ended up becoming."]},{"code":101,"indent":7,"parameters":["",0,1,2]},{"code":401,"indent":7,"parameters":["Your sister was waiting for you in the Kingdom of Rondon, that was"]},{"code":401,"indent":7,"parameters":["the plan. She welcomed you unknowing of the horrors you had "]},{"code":401,"indent":7,"parameters":["witnessed on your way there."]},{"code":101,"indent":7,"parameters":["",0,1,2]},{"code":401,"indent":7,"parameters":["You never spoke of your experiences, even if those events ate you"]},{"code":401,"indent":7,"parameters":["up every night as you laid down to sleep."]},{"code":101,"indent":7,"parameters":["",0,1,2]},{"code":401,"indent":7,"parameters":["People walked the streets of Rondon every day without knowing what "]},{"code":401,"indent":7,"parameters":["was lurking in the shadows of every dark corner of the world."]},{"code":101,"indent":7,"parameters":["",0,1,2]},{"code":401,"indent":7,"parameters":["It was better that way. It was better that they didn't know how "]},{"code":401,"indent":7,"parameters":["helpless they truly were against the cosmic horrors out there. But "]},{"code":401,"indent":7,"parameters":["you could help them prepare if they ever had to come face to face "]},{"code":401,"indent":7,"parameters":["with anything of that nature."]},{"code":101,"indent":7,"parameters":["",0,1,2]},{"code":401,"indent":7,"parameters":["You started running a boxing gym with your expertise. The attendees"]},{"code":401,"indent":7,"parameters":["would step inside in hopes of learning how to defend against common"]},{"code":401,"indent":7,"parameters":["street thugs, but they would step outside ready to face the unknown."]},{"code":101,"indent":7,"parameters":["",0,1,2]},{"code":401,"indent":7,"parameters":["Saving people's lives like this even alleviated some of your"]},{"code":401,"indent":7,"parameters":["inner guilt. You had taken lives of many, but maybe you could "]},{"code":401,"indent":7,"parameters":["finally give something back as well."]},{"code":0,"indent":7,"parameters":[]},{"code":411,"indent":6,"parameters":[]},{"code":111,"indent":7,"parameters":[0,2404,0]},{"code":101,"indent":8,"parameters":["",0,1,2]},{"code":401,"indent":8,"parameters":["The events of Prehevil shook you to the core. Suddenly many things"]},{"code":401,"indent":8,"parameters":["in life felt meaningless against this overwhelming realization of"]},{"code":401,"indent":8,"parameters":["what hides behind the veil between the known and the unknown."]},{"code":101,"indent":8,"parameters":["",0,1,2]},{"code":401,"indent":8,"parameters":["As you returned back to civilization, you understood that your"]},{"code":401,"indent":8,"parameters":["experiences would sound like ramblings of a mad man if you ever"]},{"code":401,"indent":8,"parameters":["tried to put them down on paper."]},{"code":101,"indent":8,"parameters":["",0,1,2]},{"code":401,"indent":8,"parameters":["You needed proof before you could open your mouth. You had witnessed"]},{"code":401,"indent":8,"parameters":["the rumours about the New Gods and Kaiser in real life. You knew"]},{"code":401,"indent":8,"parameters":["they were real."]},{"code":101,"indent":8,"parameters":["",0,1,2]},{"code":401,"indent":8,"parameters":["This was half the job already. Now you only needed to convince the"]},{"code":401,"indent":8,"parameters":["rest of the world of this forbidden information."]},{"code":101,"indent":8,"parameters":["",0,1,2]},{"code":401,"indent":8,"parameters":["This goal helped you get by each day. You needed clear goals to"]},{"code":401,"indent":8,"parameters":["block the dread out of your mind."]},{"code":101,"indent":8,"parameters":["",0,1,2]},{"code":401,"indent":8,"parameters":["You started digging. Like you had always done. Sooner or later you"]},{"code":401,"indent":8,"parameters":["would get to the root of things. It remains to be seen whether your"]},{"code":401,"indent":8,"parameters":["sanity will withstand the truth or not..."]},{"code":0,"indent":8,"parameters":[]},{"code":412,"indent":7,"parameters":[]},{"code":0,"indent":7,"parameters":[]},{"code":412,"indent":6,"parameters":[]},{"code":0,"indent":6,"parameters":[]},{"code":412,"indent":5,"parameters":[]},{"code":0,"indent":5,"parameters":[]},{"code":412,"indent":4,"parameters":[]},{"code":0,"indent":4,"parameters":[]},{"code":412,"indent":3,"parameters":[]},{"code":0,"indent":3,"parameters":[]},{"code":412,"indent":2,"parameters":[]},{"code":0,"indent":2,"parameters":[]},{"code":412,"indent":1,"parameters":[]},{"code":0,"indent":1,"parameters":[]},{"code":412,"indent":0,"parameters":[]},{"code":230,"indent":0,"parameters":[80]},{"code":123,"indent":0,"parameters":["A",0]},{"code":0,"indent":0,"parameters":[]}],"moveFrequency":2,"moveRoute":{"list":[{"code":0,"parameters":[]}],"repeat":true,"skippable":false,"wait":false},"moveSpeed":2,"moveType":0,"priorityType":0,"stepAnime":false,"through":false,"trigger":3,"walkAnime":true},{"conditions":{"actorId":1,"actorValid":false,"itemId":1,"itemValid":false,"selfSwitchCh":"A","selfSwitchValid":true,"switch1Id":1,"switch1Valid":false,"switch2Id":1,"switch2Valid":false,"variableId":1,"variableValid":false,"variableValue":0},"directionFix":false,"image":{"characterIndex":0,"characterName":"","direction":2,"pattern":0,"tileId":0},"list":[{"code":108,"indent":0,"parameters":["UNLOCKABLES"]},{"code":230,"indent":0,"parameters":[60]},{"code":111,"indent":0,"parameters":[1,1388,0,1,1]},{"code":108,"indent":1,"parameters":["ENDING B"]},{"code":111,"indent":1,"parameters":[0,1439,1]},{"code":121,"indent":2,"parameters":[1439,1439,0]},{"code":250,"indent":2,"parameters":[{"name":"clock_ring2_409033__helterskelter1114__old-clock-ring_01","volume":90,"pitch":100,"pan":0}]},{"code":101,"indent":2,"parameters":["",0,1,1]},{"code":401,"indent":2,"parameters":["\\i[9]\\}LUNAR METEORITE\\{ is now available in the hexen!"]},{"code":230,"indent":2,"parameters":[40]},{"code":0,"indent":2,"parameters":[]},{"code":412,"indent":1,"parameters":[]},{"code":111,"indent":1,"parameters":[0,4819,0]},{"code":111,"indent":2,"parameters":[0,1436,1]},{"code":121,"indent":3,"parameters":[1436,1436,0]},{"code":250,"indent":3,"parameters":[{"name":"clock_ring2_409033__helterskelter1114__old-clock-ring_01","volume":90,"pitch":100,"pan":0}]},{"code":101,"indent":3,"parameters":["",0,1,1]},{"code":401,"indent":3,"parameters":["\\i[9]\\}LUNAR STORM\\{ is now available in the hexen!"]},{"code":230,"indent":3,"parameters":[40]},{"code":0,"indent":3,"parameters":[]},{"code":412,"indent":2,"parameters":[]},{"code":0,"indent":2,"parameters":[]},{"code":412,"indent":1,"parameters":[]},{"code":0,"indent":1,"parameters":[]},{"code":411,"indent":0,"parameters":[]},{"code":111,"indent":1,"parameters":[1,1389,0,1,1]},{"code":111,"indent":2,"parameters":[0,1438,1]},{"code":121,"indent":3,"parameters":[1438,1438,0]},{"code":250,"indent":3,"parameters":[{"name":"clock_ring2_409033__helterskelter1114__old-clock-ring_01","volume":90,"pitch":100,"pan":0}]},{"code":101,"indent":3,"parameters":["",0,1,1]},{"code":401,"indent":3,"parameters":["\\i[344]\\}LONGINUS\\{ is now available in the hexen!"]},{"code":230,"indent":3,"parameters":[40]},{"code":0,"indent":3,"parameters":[]},{"code":412,"indent":2,"parameters":[]},{"code":0,"indent":2,"parameters":[]},{"code":411,"indent":1,"parameters":[]},{"code":111,"indent":2,"parameters":[1,1814,0,1,1]},{"code":108,"indent":3,"parameters":["ENDING A"]},{"code":111,"indent":3,"parameters":[0,1440,1]},{"code":121,"indent":4,"parameters":[1440,1440,0]},{"code":250,"indent":4,"parameters":[{"name":"clock_ring2_409033__helterskelter1114__old-clock-ring_01","volume":90,"pitch":100,"pan":0}]},{"code":101,"indent":4,"parameters":["",0,1,1]},{"code":401,"indent":4,"parameters":["\\i[345]\\}RED ARC\\{ is now available in the hexen!"]},{"code":230,"indent":4,"parameters":[40]},{"code":0,"indent":4,"parameters":[]},{"code":412,"indent":3,"parameters":[]},{"code":111,"indent":3,"parameters":[0,4819,0]},{"code":111,"indent":4,"parameters":[0,1437,1]},{"code":121,"indent":5,"parameters":[1437,1437,0]},{"code":250,"indent":5,"parameters":[{"name":"clock_ring2_409033__helterskelter1114__old-clock-ring_01","volume":90,"pitch":100,"pan":0}]},{"code":101,"indent":5,"parameters":["",0,1,1]},{"code":401,"indent":5,"parameters":["\\i[345]\\}MOTH SWARM\\{ is now available in the hexen!"]},{"code":230,"indent":5,"parameters":[40]},{"code":0,"indent":5,"parameters":[]},{"code":412,"indent":4,"parameters":[]},{"code":0,"indent":4,"parameters":[]},{"code":412,"indent":3,"parameters":[]},{"code":0,"indent":3,"parameters":[]},{"code":412,"indent":2,"parameters":[]},{"code":0,"indent":2,"parameters":[]},{"code":412,"indent":1,"parameters":[]},{"code":0,"indent":1,"parameters":[]},{"code":412,"indent":0,"parameters":[]},{"code":123,"indent":0,"parameters":["B",0]},{"code":0,"indent":0,"parameters":[]}],"moveFrequency":3,"moveRoute":{"list":[{"code":0,"parameters":[]}],"repeat":true,"skippable":false,"wait":false},"moveSpeed":3,"moveType":0,"priorityType":0,"stepAnime":false,"through":false,"trigger":3,"walkAnime":true},{"conditions":{"actorId":1,"actorValid":false,"itemId":1,"itemValid":false,"selfSwitchCh":"B","selfSwitchValid":true,"switch1Id":1,"switch1Valid":false,"switch2Id":1,"switch2Valid":false,"variableId":1,"variableValid":false,"variableValue":0},"directionFix":false,"image":{"characterIndex":0,"characterName":"","direction":2,"pattern":0,"tileId":0},"list":[{"code":230,"indent":0,"parameters":[70]},{"code":231,"indent":0,"parameters":[68,"black1",0,0,25,0,120,120,0,0]},{"code":232,"indent":0,"parameters":[68,0,0,0,25,0,120,120,190,0,100,false]},{"code":108,"indent":0,"parameters":["CREDITS"]},{"code":117,"indent":0,"parameters":[561]},{"code":232,"indent":0,"parameters":[68,0,0,0,25,0,120,120,0,0,60,true]},{"code":123,"indent":0,"parameters":["C",0]},{"code":0,"indent":0,"parameters":[]}],"moveFrequency":3,"moveRoute":{"list":[{"code":0,"parameters":[]}],"repeat":true,"skippable":false,"wait":false},"moveSpeed":3,"moveType":0,"priorityType":0,"stepAnime":false,"through":false,"trigger":3,"walkAnime":true},{"conditions":{"actorId":1,"actorValid":false,"itemId":1,"itemValid":false,"selfSwitchCh":"C","selfSwitchValid":true,"switch1Id":1,"switch1Valid":false,"switch2Id":1,"switch2Valid":false,"variableId":1,"variableValid":false,"variableValue":0},"directionFix":false,"image":{"characterIndex":0,"characterName":"","direction":2,"pattern":0,"tileId":0},"list":[{"code":111,"indent":0,"parameters":[0,246,0]},{"code":101,"indent":1,"parameters":["",0,1,1]},{"code":401,"indent":1,"parameters":["Thank you for playing \\n[1]!"]},{"code":0,"indent":1,"parameters":[]},{"code":411,"indent":0,"parameters":[]},{"code":111,"indent":1,"parameters":[0,242,0]},{"code":101,"indent":2,"parameters":["",0,1,1]},{"code":401,"indent":2,"parameters":["Thank you for playing \\n[3]!"]},{"code":0,"indent":2,"parameters":[]},{"code":411,"indent":1,"parameters":[]},{"code":111,"indent":2,"parameters":[0,243,0]},{"code":101,"indent":3,"parameters":["",0,1,1]},{"code":401,"indent":3,"parameters":["Thank you for playing \\n[4]!"]},{"code":0,"indent":3,"parameters":[]},{"code":411,"indent":2,"parameters":[]},{"code":111,"indent":3,"parameters":[0,244,0]},{"code":101,"indent":4,"parameters":["",0,1,1]},{"code":401,"indent":4,"parameters":["Thank you for playing \\n[5]!"]},{"code":0,"indent":4,"parameters":[]},{"code":411,"indent":3,"parameters":[]},{"code":111,"indent":4,"parameters":[0,2401,0]},{"code":101,"indent":5,"parameters":["",0,1,1]},{"code":401,"indent":5,"parameters":["Thank you for playing \\n[6]!"]},{"code":0,"indent":5,"parameters":[]},{"code":411,"indent":4,"parameters":[]},{"code":111,"indent":5,"parameters":[0,2402,0]},{"code":101,"indent":6,"parameters":["",0,1,1]},{"code":401,"indent":6,"parameters":["Thank you for playing \\n[15]!"]},{"code":0,"indent":6,"parameters":[]},{"code":411,"indent":5,"parameters":[]},{"code":111,"indent":6,"parameters":[0,2403,0]},{"code":101,"indent":7,"parameters":["",0,1,1]},{"code":401,"indent":7,"parameters":["Thank you for playing \\n[13]!"]},{"code":0,"indent":7,"parameters":[]},{"code":411,"indent":6,"parameters":[]},{"code":111,"indent":7,"parameters":[0,2404,0]},{"code":101,"indent":8,"parameters":["",0,1,1]},{"code":401,"indent":8,"parameters":["Thank you for playing \\n[14]!"]},{"code":0,"indent":8,"parameters":[]},{"code":411,"indent":7,"parameters":[]},{"code":101,"indent":8,"parameters":["",0,1,1]},{"code":401,"indent":8,"parameters":["Thank you for playing!"]},{"code":0,"indent":8,"parameters":[]},{"code":412,"indent":7,"parameters":[]},{"code":0,"indent":7,"parameters":[]},{"code":412,"indent":6,"parameters":[]},{"code":0,"indent":6,"parameters":[]},{"code":412,"indent":5,"parameters":[]},{"code":0,"indent":5,"parameters":[]},{"code":412,"indent":4,"parameters":[]},{"code":0,"indent":4,"parameters":[]},{"code":412,"indent":3,"parameters":[]},{"code":0,"indent":3,"parameters":[]},{"code":412,"indent":2,"parameters":[]},{"code":0,"indent":2,"parameters":[]},{"code":412,"indent":1,"parameters":[]},{"code":0,"indent":1,"parameters":[]},{"code":412,"indent":0,"parameters":[]},{"code":230,"indent":0,"parameters":[80]},{"code":242,"indent":0,"parameters":[3]},{"code":232,"indent":0,"parameters":[70,0,0,0,0,0,100,100,255,0,180,true]},{"code":223,"indent":0,"parameters":[[-255,-255,-255,0],160,false]},{"code":353,"indent":0,"parameters":[]},{"code":0,"indent":0,"parameters":[]}],"moveFrequency":3,"moveRoute":{"list":[{"code":0,"parameters":[]}],"repeat":true,"skippable":false,"wait":false},"moveSpeed":3,"moveType":0,"priorityType":0,"stepAnime":false,"through":false,"trigger":3,"walkAnime":true}],"x":2,"y":5},
{"id":2,"name":"EV002","note":"","pages":[{"conditions":{"actorId":1,"actorValid":false,"itemId":1,"itemValid":false,"selfSwitchCh":"A","selfSwitchValid":false,"switch1Id":1,"switch1Valid":false,"switch2Id":1,"switch2Valid":false,"variableId":1,"variableValid":false,"variableValue":0},"directionFix":false,"image":{"characterIndex":0,"characterName":"","direction":2,"pattern":0,"tileId":0},"list":[{"code":0,"indent":0,"parameters":[]}],"moveFrequency":3,"moveRoute":{"list":[{"code":0,"parameters":[]}],"repeat":true,"skippable":false,"wait":false},"moveSpeed":3,"moveType":0,"priorityType":1,"stepAnime":false,"through":false,"trigger":0,"walkAnime":true}],"x":4,"y":5},
{"id":3,"name":"EV003","note":"","pages":[{"conditions":{"actorId":1,"actorValid":false,"itemId":1,"itemValid":false,"selfSwitchCh":"A","selfSwitchValid":false,"switch1Id":1,"switch1Valid":false,"switch2Id":1,"switch2Valid":false,"variableId":1,"variableValid":false,"variableValue":0},"directionFix":false,"image":{"characterIndex":0,"characterName":"","direction":2,"pattern":0,"tileId":0},"list":[{"code":0,"indent":0,"parameters":[]}],"moveFrequency":3,"moveRoute":{"list":[{"code":0,"parameters":[]}],"repeat":true,"skippable":false,"wait":false},"moveSpeed":3,"moveType":0,"priorityType":1,"stepAnime":false,"through":false,"trigger":0,"walkAnime":true}],"x":5,"y":4},
{"id":4,"name":"EV004","note":"","pages":[{"conditions":{"actorId":1,"actorValid":false,"itemId":1,"itemValid":false,"selfSwitchCh":"A","selfSwitchValid":false,"switch1Id":1,"switch1Valid":false,"switch2Id":1,"switch2Valid":false,"variableId":1,"variableValid":false,"variableValue":0},"directionFix":false,"image":{"characterIndex":0,"characterName":"","direction":2,"pattern":0,"tileId":0},"list":[{"code":0,"indent":0,"parameters":[]}],"moveFrequency":3,"moveRoute":{"list":[{"code":0,"parameters":[]}],"repeat":true,"skippable":false,"wait":false},"moveSpeed":3,"moveType":0,"priorityType":1,"stepAnime":false,"through":false,"trigger":0,"walkAnime":true}],"x":5,"y":6},
{"id":5,"name":"EV005","note":"","pages":[{"conditions":{"actorId":1,"actorValid":false,"itemId":1,"itemValid":false,"selfSwitchCh":"A","selfSwitchValid":false,"switch1Id":1,"switch1Valid":false,"switch2Id":1,"switch2Valid":false,"variableId":1,"variableValid":false,"variableValue":0},"directionFix":false,"image":{"characterIndex":0,"characterName":"","direction":2,"pattern":0,"tileId":0},"list":[{"code":0,"indent":0,"parameters":[]}],"moveFrequency":3,"moveRoute":{"list":[{"code":0,"parameters":[]}],"repeat":true,"skippable":false,"wait":false},"moveSpeed":3,"moveType":0,"priorityType":1,"stepAnime":false,"through":false,"trigger":0,"walkAnime":true}],"x":6,"y":5},
null,
null
]
}