{
"autoplayBgm":true,"autoplayBgs":false,"battleback1Name":"","battleback2Name":"","bgm":{"name":"","pan":0,"pitch":100,"volume":90},"bgs":{"name":"","pan":0,"pitch":100,"volume":90},"disableDashing":false,"displayName":"","encounterList":[],"encounterStep":30,"height":13,"note":"","parallaxLoopX":false,"parallaxLoopY":false,"parallaxName":"white_background","parallaxShow":true,"parallaxSx":0,"parallaxSy":0,"scrollType":0,"specifyBattleback":false,"tilesetId":1,"width":17,
"data":[0,0,0,0,0,0,0,0,0,0,0,0,0,0,0,0,0,0,0,0,0,0,0,0,0,0,0,0,0,0,0,0,0,0,0,0,0,0,0,0,0,0,0,0,0,0,0,0,0,0,0,0,0,0,0,0,0,0,0,0,0,0,0,0,0,0,0,0,0,0,0,0,0,0,0,0,0,0,0,0,0,0,0,0,0,0,0,0,0,0,0,0,0,0,0,0,0,0,0,0,0,0,0,0,0,0,0,0,0,0,0,0,0,0,0,0,0,0,0,0,0,0,0,0,0,0,0,0,0,0,0,0,0,0,0,0,0,0,0,0,0,0,0,0,0,0,0,0,0,0,0,0,0,0,0,0,0,0,0,0,0,0,0,0,0,0,0,0,0,0,0,0,0,0,0,0,0,0,0,0,0,0,0,0,0,0,0,0,0,0,0,0,0,0,0,0,0,0,0,0,0,0,0,0,0,0,0,0,0,0,0,0,0,0,0,0,0,0,0,0,0,0,0,0,0,0,0,0,0,0,0,0,0,0,0,0,0,0,0,0,0,0,0,0,0,0,0,0,0,0,0,0,0,0,0,0,0,0,0,0,0,0,0,0,0,0,0,0,0,0,0,0,0,0,0,0,0,0,0,0,0,0,0,0,0,0,0,0,0,0,0,0,0,0,0,0,0,0,0,0,0,0,0,0,0,0,0,0,0,0,0,0,0,0,0,0,0,0,0,0,0,0,0,0,0,0,0,0,0,0,0,0,0,0,0,0,0,0,0,0,0,0,0,0,0,0,0,0,0,0,0,0,0,0,0,0,0,0,0,0,0,0,0,0,0,0,0,0,0,0,0,0,0,0,0,0,0,0,0,0,0,0,0,0,0,0,0,0,0,0,0,0,0,0,0,0,0,0,0,0,0,0,0,0,0,0,0,0,0,0,0,0,0,0,0,0,0,0,0,0,0,0,0,0,0,0,0,0,0,0,0,0,0,0,0,0,0,0,0,0,0,0,0,0,0,0,0,0,0,0,0,0,0,0,0,0,0,0,0,0,0,0,0,0,0,0,0,0,0,0,0,0,0,0,0,0,0,0,0,0,0,0,0,0,0,0,0,0,0,0,0,0,0,0,0,0,0,0,0,0,0,0,0,0,0,0,0,0,0,0,0,0,0,0,0,0,0,0,0,0,0,0,0,0,0,0,0,0,0,0,0,0,0,0,0,0,0,0,0,0,0,0,0,0,0,0,0,0,0,0,0,0,0,0,0,0,0,0,0,0,0,0,0,0,0,0,0,0,0,0,0,0,0,0,0,0,0,0,0,0,0,0,0,0,0,0,0,0,0,0,0,0,0,0,0,0,0,0,0,0,0,0,0,0,0,0,0,0,0,0,0,0,0,0,0,0,0,0,0,0,0,0,0,0,0,0,0,0,0,0,0,0,0,0,0,0,0,0,0,0,0,0,0,0,0,0,0,0,0,0,0,0,0,0,0,0,0,0,0,0,0,0,0,0,0,0,0,0,0,0,0,0,0,0,0,0,0,0,0,0,0,0,0,0,0,0,0,0,0,0,0,0,0,0,0,0,0,0,0,0,0,0,0,0,0,0,0,0,0,0,0,0,0,0,0,0,0,0,0,0,0,0,0,0,0,0,0,0,0,0,0,0,0,0,0,0,0,0,0,0,0,0,0,0,0,0,0,0,0,0,0,0,0,0,0,0,0,0,0,0,0,0,0,0,0,0,0,0,0,0,0,0,0,0,0,0,0,0,0,0,0,0,0,0,0,0,0,0,0,0,0,0,0,0,0,0,0,0,0,0,0,0,0,0,0,0,0,0,0,0,0,0,0,0,0,0,0,0,0,0,0,0,0,0,0,0,0,0,0,0,0,0,0,0,0,0,0,0,0,0,0,0,0,0,0,0,0,0,0,0,0,0,0,0,0,0,0,0,0,0,0,0,0,0,0,0,0,0,0,0,0,0,0,0,0,0,0,0,0,0,0,0,0,0,0,0,0,0,0,0,0,0,0,0,0,0,0,0,0,0,0,0,0,0,0,0,0,0,0,0,0,0,0,0,0,0,0,0,0,0,0,0,0,0,0,0,0,0,0,0,0,0,0,0,0,0,0,0,0,0,0,0,0,0,0,0,0,0,0,0,0,0,0,0,0,0,0,0,0,0,0,0,0,0,0,0,0,0,0,0,0,0,0,0,0,0,0,0,0,0,0,0,0,0,0,0,0,0,0,0,0,0,0,0,0,0,0,0,0,0,0,0,0,0,0,0,0,0,0,0,0,0,0,0,0,0,0,0,0,0,0,0,0,0,0,0,0,0,0,0,0,0,0,0,0,0,0,0,0,0,0,0,0,0,0,0,0,0,0,0,0,0,0,0,0,0,0,0,0,0,0,0,0,0,0,0,0,0,0,0,0,0,0,0,0,0,0,0,0,0,0,0,0,0,0,0,0,0,0,0,0,0,0,0,0,0,0,0,0,0,0,0,0,0,0,0,0,0,0,0,0,0,0,0,0,0,0,0,0,0,0,0,0,0,0,0,0,0,0,0,0,0,0,0,0,0,0,0,0,0,0,0,0,0,0,0,0,0,0,0,0,0,0,0,0,0,0,0,0,0,0,0,0,0,0,0,0,0,0,0,0,0,0,0,0,0,0,0,0,0,0,0,0,0,0,0,0,0,0,0,0,0,0,0,0,0,0,0,0,0,0,0,0,0,0,0,0,0,0,0,0,0,0,0,0,0,0,0,0,0,0,0,0,0,0,0,0,0,0,0,0,0,0,0,0,0,0,0,0,0,0,0,0,0,0,0,0,0,0,0,0,0,0,0,0,0,0,0,0,0,0,0,0,0,0,0,0,0,0,0,0,0,0,0,0,0,0,0,0,0,0,0,0,0,0,0,0,0,0,0,0,0,0,0,0,0,0,0,0,0,0,0,0,0,0,0,0,0,0,0,0,0,0,0,0,0,0,0,0,0,0,0,0,0,0,0],
"events":[
null,
null,
{"id":2,"name":"EV002","note":"","pages":[{"conditions":{"actorId":1,"actorValid":false,"itemId":1,"itemValid":false,"selfSwitchCh":"A","selfSwitchValid":false,"switch1Id":1,"switch1Valid":false,"switch2Id":1,"switch2Valid":false,"variableId":1,"variableValid":false,"variableValue":0},"directionFix":false,"image":{"characterIndex":0,"characterName":"","direction":2,"pattern":0,"tileId":0},"list":[{"code":223,"indent":0,"parameters":[[0,0,0,0],5,true]},{"code":108,"indent":0,"parameters":["////DAY_TEXT"]},{"code":250,"indent":0,"parameters":[{"name":"day_break1","volume":90,"pitch":100,"pan":0}]},{"code":111,"indent":0,"parameters":[0,1518,0]},{"code":230,"indent":1,"parameters":[50]},{"code":231,"indent":1,"parameters":[1,"day_3",0,0,175,196,100,100,255,0]},{"code":231,"indent":1,"parameters":[2,"day_3",0,0,165,187,110,110,0,0]},{"code":232,"indent":1,"parameters":[2,0,0,0,175,196,100,100,40,0,3,true]},{"code":235,"indent":1,"parameters":[2]},{"code":230,"indent":1,"parameters":[130]},{"code":232,"indent":1,"parameters":[1,0,0,0,175,196,100,100,0,0,50,true]},{"code":235,"indent":1,"parameters":[1]},{"code":0,"indent":1,"parameters":[]},{"code":411,"indent":0,"parameters":[]},{"code":111,"indent":1,"parameters":[0,1514,0]},{"code":230,"indent":2,"parameters":[50]},{"code":231,"indent":2,"parameters":[1,"day_2",0,0,175,196,100,100,255,0]},{"code":231,"indent":2,"parameters":[2,"day_2",0,0,165,187,110,110,0,0]},{"code":232,"indent":2,"parameters":[2,0,0,0,175,196,100,100,40,0,3,true]},{"code":235,"indent":2,"parameters":[2]},{"code":230,"indent":2,"parameters":[130]},{"code":232,"indent":2,"parameters":[1,0,0,0,175,196,100,100,0,0,50,true]},{"code":235,"indent":2,"parameters":[1]},{"code":0,"indent":2,"parameters":[]},{"code":411,"indent":1,"parameters":[]},{"code":230,"indent":2,"parameters":[50]},{"code":231,"indent":2,"parameters":[1,"day_1",0,0,175,196,100,100,255,0]},{"code":231,"indent":2,"parameters":[2,"day_1",0,0,165,187,110,110,0,0]},{"code":232,"indent":2,"parameters":[2,0,0,0,175,196,100,100,40,0,3,true]},{"code":235,"indent":2,"parameters":[2]},{"code":230,"indent":2,"parameters":[130]},{"code":232,"indent":2,"parameters":[1,0,0,0,175,196,100,100,0,0,50,true]},{"code":235,"indent":2,"parameters":[1]},{"code":0,"indent":2,"parameters":[]},{"code":412,"indent":1,"parameters":[]},{"code":0,"indent":1,"parameters":[]},{"code":412,"indent":0,"parameters":[]},{"code":108,"indent":0,"parameters":["///"]},{"code":108,"indent":0,"parameters":["///"]},{"code":108,"indent":0,"parameters":["///"]},{"code":108,"indent":0,"parameters":["///"]},{"code":111,"indent":0,"parameters":[0,4708,1]},{"code":111,"indent":1,"parameters":[0,1518,0]},{"code":108,"indent":2,"parameters":["////DAY 3"]},{"code":231,"indent":2,"parameters":[1,"day_3_1",0,0,0,0,100,100,0,0]},{"code":231,"indent":2,"parameters":[2,"day_3_2",0,0,0,0,100,100,0,0]},{"code":231,"indent":2,"parameters":[3,"day_3_3",0,0,0,0,100,100,0,0]},{"code":231,"indent":2,"parameters":[4,"day_3_4",0,0,0,0,100,100,0,0]},{"code":231,"indent":2,"parameters":[5,"day_3_5",0,0,0,0,100,100,0,0]},{"code":231,"indent":2,"parameters":[6,"day_3_6",0,0,0,0,100,100,0,0]},{"code":231,"indent":2,"parameters":[7,"day_3_7",0,0,0,0,100,100,0,0]},{"code":231,"indent":2,"parameters":[8,"day_3_8",0,0,0,0,100,100,0,0]},{"code":231,"indent":2,"parameters":[9,"day_3_9",0,0,0,0,100,100,0,0]},{"code":108,"indent":2,"parameters":["///"]},{"code":231,"indent":2,"parameters":[1,"day_3_1",0,0,0,0,100,100,255,0]},{"code":230,"indent":2,"parameters":[4]},{"code":231,"indent":2,"parameters":[2,"day_3_2",0,0,0,0,100,100,255,0]},{"code":230,"indent":2,"parameters":[4]},{"code":250,"indent":2,"parameters":[{"name":"Percussion EchoKnock Impact Analog_01","volume":10,"pitch":100,"pan":0}]},{"code":250,"indent":2,"parameters":[{"name":"Percussion NoisePerc OS Electric Analog 04_01","volume":15,"pitch":90,"pan":0}]},{"code":250,"indent":2,"parameters":[{"name":"GrainSting FX OS Electric Stab 01_01","volume":25,"pitch":100,"pan":0}]},{"code":231,"indent":2,"parameters":[3,"day_3_3",0,0,0,0,100,100,255,0]},{"code":230,"indent":2,"parameters":[4]},{"code":231,"indent":2,"parameters":[4,"day_3_4",0,0,0,0,100,100,255,0]},{"code":230,"indent":2,"parameters":[4]},{"code":231,"indent":2,"parameters":[5,"day_3_5",0,0,0,0,100,100,255,0]},{"code":230,"indent":2,"parameters":[4]},{"code":231,"indent":2,"parameters":[6,"day_3_6",0,0,0,0,100,100,255,0]},{"code":230,"indent":2,"parameters":[4]},{"code":231,"indent":2,"parameters":[7,"day_3_7",0,0,0,0,100,100,255,0]},{"code":230,"indent":2,"parameters":[4]},{"code":231,"indent":2,"parameters":[8,"day_3_8",0,0,0,0,100,100,255,0]},{"code":230,"indent":2,"parameters":[4]},{"code":356,"indent":2,"parameters":["HorrorEffects Screen Create Glitch"]},{"code":356,"indent":2,"parameters":["HorrorEffects Screen Change Glitch Offset 38"]},{"code":356,"indent":2,"parameters":["HorrorEffects Screen Change Glitch Slice 5"]},{"code":356,"indent":2,"parameters":["HorrorEffects Screen Change Glitch Animated false"]},{"code":356,"indent":2,"parameters":["HorrorEffects Screen Change Glitch Refresh"]},{"code":232,"indent":2,"parameters":[9,0,0,0,0,0,100,100,255,0,40,false]},{"code":230,"indent":2,"parameters":[10]},{"code":356,"indent":2,"parameters":["HorrorEffects Screen Change Glitch Animated true"]},{"code":356,"indent":2,"parameters":["HorrorEffects Screen Change Glitch Refresh"]},{"code":356,"indent":2,"parameters":["HorrorEffects Screen Change Glitch Offset 0"]},{"code":356,"indent":2,"parameters":["HorrorEffects Screen Change Glitch Frequency 0"]},{"code":230,"indent":2,"parameters":[15]},{"code":356,"indent":2,"parameters":["HorrorEffects Screen Create Glitch"]},{"code":356,"indent":2,"parameters":["HorrorEffects Screen Change Glitch Offset 38"]},{"code":356,"indent":2,"parameters":["HorrorEffects Screen Change Glitch Slice 5"]},{"code":356,"indent":2,"parameters":["HorrorEffects Screen Change Glitch Animated false"]},{"code":356,"indent":2,"parameters":["HorrorEffects Screen Change Glitch Refresh"]},{"code":356,"indent":2,"parameters":["HorrorEffects Screen Change Glitch Refresh"]},{"code":230,"indent":2,"parameters":[10]},{"code":356,"indent":2,"parameters":["HorrorEffects Screen Change Glitch Refresh"]},{"code":230,"indent":2,"parameters":[8]},{"code":356,"indent":2,"parameters":["HorrorEffects Screen Change Glitch Refresh"]},{"code":230,"indent":2,"parameters":[5]},{"code":356,"indent":2,"parameters":["HorrorEffects Screen Change Glitch Refresh"]},{"code":230,"indent":2,"parameters":[3]},{"code":356,"indent":2,"parameters":["HorrorEffects Screen Change Glitch Refresh"]},{"code":230,"indent":2,"parameters":[2]},{"code":356,"indent":2,"parameters":["HorrorEffects Screen Change Glitch Refresh"]},{"code":230,"indent":2,"parameters":[2]},{"code":356,"indent":2,"parameters":["HorrorEffects Screen Change Glitch Animated true"]},{"code":356,"indent":2,"parameters":["HorrorEffects Screen Change Glitch Refresh"]},{"code":356,"indent":2,"parameters":["HorrorEffects Screen Change Glitch Offset 0"]},{"code":356,"indent":2,"parameters":["HorrorEffects Screen Change Glitch Frequency 0"]},{"code":230,"indent":2,"parameters":[40]},{"code":0,"indent":2,"parameters":[]},{"code":411,"indent":1,"parameters":[]},{"code":111,"indent":2,"parameters":[0,1514,0]},{"code":108,"indent":3,"parameters":["////DAY 2"]},{"code":231,"indent":3,"parameters":[1,"day_2_1",0,0,0,0,100,100,0,0]},{"code":231,"indent":3,"parameters":[2,"day_2_2",0,0,0,0,100,100,0,0]},{"code":231,"indent":3,"parameters":[3,"day_2_3",0,0,0,0,100,100,0,0]},{"code":231,"indent":3,"parameters":[4,"day_2_4",0,0,0,0,100,100,0,0]},{"code":231,"indent":3,"parameters":[5,"day_2_5",0,0,0,0,100,100,0,0]},{"code":231,"indent":3,"parameters":[6,"day_2_6",0,0,0,0,100,100,0,0]},{"code":231,"indent":3,"parameters":[7,"day_2_7",0,0,0,0,100,100,0,0]},{"code":231,"indent":3,"parameters":[8,"day_2_8",0,0,0,0,100,100,0,0]},{"code":231,"indent":3,"parameters":[9,"day_2_9",0,0,0,0,100,100,0,0]},{"code":108,"indent":3,"parameters":["///"]},{"code":231,"indent":3,"parameters":[1,"day_2_1",0,0,0,0,100,100,255,0]},{"code":230,"indent":3,"parameters":[4]},{"code":231,"indent":3,"parameters":[2,"day_2_2",0,0,0,0,100,100,255,0]},{"code":230,"indent":3,"parameters":[4]},{"code":250,"indent":3,"parameters":[{"name":"Percussion EchoKnock Impact Analog_01","volume":10,"pitch":100,"pan":0}]},{"code":250,"indent":3,"parameters":[{"name":"Percussion NoisePerc OS Electric Analog 04_01","volume":15,"pitch":90,"pan":0}]},{"code":250,"indent":3,"parameters":[{"name":"GrainSting FX OS Electric Stab 01_01","volume":25,"pitch":100,"pan":0}]},{"code":231,"indent":3,"parameters":[3,"day_2_3",0,0,0,0,100,100,255,0]},{"code":230,"indent":3,"parameters":[4]},{"code":231,"indent":3,"parameters":[4,"day_2_4",0,0,0,0,100,100,255,0]},{"code":230,"indent":3,"parameters":[4]},{"code":356,"indent":3,"parameters":["HorrorEffects Screen Create Glitch"]},{"code":356,"indent":3,"parameters":["HorrorEffects Screen Change Glitch Offset 38"]},{"code":356,"indent":3,"parameters":["HorrorEffects Screen Change Glitch Slice 5"]},{"code":356,"indent":3,"parameters":["HorrorEffects Screen Change Glitch Animated false"]},{"code":356,"indent":3,"parameters":["HorrorEffects Screen Change Glitch Refresh"]},{"code":231,"indent":3,"parameters":[5,"day_2_5",0,0,0,0,100,100,255,0]},{"code":230,"indent":3,"parameters":[4]},{"code":231,"indent":3,"parameters":[6,"day_2_6",0,0,0,0,100,100,255,0]},{"code":230,"indent":3,"parameters":[4]},{"code":232,"indent":3,"parameters":[7,0,0,0,0,0,100,100,255,0,30,true]},{"code":356,"indent":3,"parameters":["HorrorEffects Screen Change Glitch Animated true"]},{"code":356,"indent":3,"parameters":["HorrorEffects Screen Change Glitch Refresh"]},{"code":232,"indent":3,"parameters":[8,0,0,0,0,0,100,100,255,0,40,true]},{"code":356,"indent":3,"parameters":["HorrorEffects Screen Change Glitch Offset 0"]},{"code":356,"indent":3,"parameters":["HorrorEffects Screen Change Glitch Frequency 0"]},{"code":232,"indent":3,"parameters":[9,0,0,0,0,0,100,100,255,0,50,false]},{"code":230,"indent":3,"parameters":[15]},{"code":356,"indent":3,"parameters":["HorrorEffects Screen Create Glitch"]},{"code":356,"indent":3,"parameters":["HorrorEffects Screen Change Glitch Offset 38"]},{"code":356,"indent":3,"parameters":["HorrorEffects Screen Change Glitch Slice 5"]},{"code":356,"indent":3,"parameters":["HorrorEffects Screen Change Glitch Animated false"]},{"code":356,"indent":3,"parameters":["HorrorEffects Screen Change Glitch Refresh"]},{"code":356,"indent":3,"parameters":["HorrorEffects Screen Change Glitch Refresh"]},{"code":356,"indent":3,"parameters":["HorrorEffects Screen Change Glitch Refresh"]},{"code":230,"indent":3,"parameters":[10]},{"code":356,"indent":3,"parameters":["HorrorEffects Screen Change Glitch Refresh"]},{"code":230,"indent":3,"parameters":[8]},{"code":356,"indent":3,"parameters":["HorrorEffects Screen Change Glitch Refresh"]},{"code":230,"indent":3,"parameters":[5]},{"code":356,"indent":3,"parameters":["HorrorEffects Screen Change Glitch Refresh"]},{"code":230,"indent":3,"parameters":[3]},{"code":356,"indent":3,"parameters":["HorrorEffects Screen Change Glitch Refresh"]},{"code":230,"indent":3,"parameters":[2]},{"code":356,"indent":3,"parameters":["HorrorEffects Screen Change Glitch Refresh"]},{"code":230,"indent":3,"parameters":[2]},{"code":356,"indent":3,"parameters":["HorrorEffects Screen Change Glitch Animated true"]},{"code":356,"indent":3,"parameters":["HorrorEffects Screen Change Glitch Refresh"]},{"code":356,"indent":3,"parameters":["HorrorEffects Screen Change Glitch Offset 0"]},{"code":356,"indent":3,"parameters":["HorrorEffects Screen Change Glitch Frequency 0"]},{"code":230,"indent":3,"parameters":[40]},{"code":0,"indent":3,"parameters":[]},{"code":411,"indent":2,"parameters":[]},{"code":108,"indent":3,"parameters":["////DAY 1"]},{"code":231,"indent":3,"parameters":[4,"day_1_1",0,0,0,0,100,100,0,0]},{"code":231,"indent":3,"parameters":[3,"day_1_2",0,0,0,0,100,100,0,0]},{"code":231,"indent":3,"parameters":[2,"day_1_3",0,0,0,0,100,100,0,0]},{"code":231,"indent":3,"parameters":[1,"day_1_4",0,0,0,0,100,100,0,0]},{"code":231,"indent":3,"parameters":[5,"day_1_5",0,0,0,0,100,100,0,0]},{"code":231,"indent":3,"parameters":[6,"day_1_6",0,0,0,0,100,100,0,0]},{"code":231,"indent":3,"parameters":[7,"day_1_7",0,0,0,0,100,100,0,0]},{"code":108,"indent":3,"parameters":["///"]},{"code":231,"indent":3,"parameters":[4,"day_1_1",0,0,0,0,100,100,100,0]},{"code":231,"indent":3,"parameters":[8,"day_2_8",0,0,0,0,100,100,0,0]},{"code":230,"indent":3,"parameters":[4]},{"code":232,"indent":3,"parameters":[3,0,0,0,0,0,100,100,200,0,1,true]},{"code":232,"indent":3,"parameters":[4,0,0,0,0,0,100,100,0,0,9,false]},{"code":230,"indent":3,"parameters":[4]},{"code":250,"indent":3,"parameters":[{"name":"Percussion EchoKnock Impact Analog_01","volume":10,"pitch":100,"pan":0}]},{"code":250,"indent":3,"parameters":[{"name":"Percussion NoisePerc OS Electric Analog 04_01","volume":15,"pitch":90,"pan":0}]},{"code":250,"indent":3,"parameters":[{"name":"GrainSting FX OS Electric Stab 01_01","volume":25,"pitch":100,"pan":0}]},{"code":356,"indent":3,"parameters":["HorrorEffects Screen Create Glitch"]},{"code":356,"indent":3,"parameters":["HorrorEffects Screen Change Glitch Offset 38"]},{"code":356,"indent":3,"parameters":["HorrorEffects Screen Change Glitch Slice 5"]},{"code":356,"indent":3,"parameters":["HorrorEffects Screen Change Glitch Animated false"]},{"code":356,"indent":3,"parameters":["HorrorEffects Screen Change Glitch Refresh"]},{"code":232,"indent":3,"parameters":[2,0,0,0,0,0,100,100,255,0,1,true]},{"code":232,"indent":3,"parameters":[3,0,0,0,0,0,100,100,0,0,4,false]},{"code":230,"indent":3,"parameters":[4]},{"code":232,"indent":3,"parameters":[1,0,0,0,0,0,100,100,255,0,2,false]},{"code":232,"indent":3,"parameters":[2,0,0,0,0,0,100,100,0,0,4,false]},{"code":108,"indent":3,"parameters":["fade"]},{"code":232,"indent":3,"parameters":[5,0,0,0,0,0,100,100,255,0,20,true]},{"code":356,"indent":3,"parameters":["HorrorEffects Screen Change Glitch Animated true"]},{"code":356,"indent":3,"parameters":["HorrorEffects Screen Change Glitch Refresh"]},{"code":356,"indent":3,"parameters":["HorrorEffects Screen Change Glitch Offset 0"]},{"code":356,"indent":3,"parameters":["HorrorEffects Screen Change Glitch Frequency 0"]},{"code":232,"indent":3,"parameters":[6,0,0,0,0,0,100,100,255,0,45,true]},{"code":232,"indent":3,"parameters":[7,0,0,0,0,0,100,100,255,0,85,false]},{"code":230,"indent":3,"parameters":[40]},{"code":356,"indent":3,"parameters":["HorrorEffects Screen Create Glitch"]},{"code":356,"indent":3,"parameters":["HorrorEffects Screen Change Glitch Offset 38"]},{"code":356,"indent":3,"parameters":["HorrorEffects Screen Change Glitch Slice 8"]},{"code":356,"indent":3,"parameters":["HorrorEffects Screen Change Glitch Animated false"]},{"code":356,"indent":3,"parameters":["HorrorEffects Screen Change Glitch Refresh"]},{"code":230,"indent":3,"parameters":[10]},{"code":356,"indent":3,"parameters":["HorrorEffects Screen Change Glitch Refresh"]},{"code":230,"indent":3,"parameters":[8]},{"code":356,"indent":3,"parameters":["HorrorEffects Screen Change Glitch Refresh"]},{"code":230,"indent":3,"parameters":[5]},{"code":356,"indent":3,"parameters":["HorrorEffects Screen Change Glitch Refresh"]},{"code":230,"indent":3,"parameters":[3]},{"code":356,"indent":3,"parameters":["HorrorEffects Screen Change Glitch Refresh"]},{"code":230,"indent":3,"parameters":[2]},{"code":356,"indent":3,"parameters":["HorrorEffects Screen Change Glitch Refresh"]},{"code":230,"indent":3,"parameters":[2]},{"code":356,"indent":3,"parameters":["HorrorEffects Screen Change Glitch Animated true"]},{"code":356,"indent":3,"parameters":["HorrorEffects Screen Change Glitch Refresh"]},{"code":356,"indent":3,"parameters":["HorrorEffects Screen Change Glitch Offset 0"]},{"code":356,"indent":3,"parameters":["HorrorEffects Screen Change Glitch Frequency 0"]},{"code":230,"indent":3,"parameters":[40]},{"code":0,"indent":3,"parameters":[]},{"code":412,"indent":2,"parameters":[]},{"code":0,"indent":2,"parameters":[]},{"code":412,"indent":1,"parameters":[]},{"code":111,"indent":1,"parameters":[0,4708,1]},{"code":230,"indent":2,"parameters":[200]},{"code":235,"indent":2,"parameters":[1]},{"code":235,"indent":2,"parameters":[2]},{"code":235,"indent":2,"parameters":[3]},{"code":235,"indent":2,"parameters":[4]},{"code":235,"indent":2,"parameters":[5]},{"code":235,"indent":2,"parameters":[6]},{"code":111,"indent":2,"parameters":[0,1514,1]},{"code":111,"indent":3,"parameters":[0,1518,1]},{"code":232,"indent":4,"parameters":[9,0,0,0,0,0,100,100,0,0,30,false]},{"code":0,"indent":4,"parameters":[]},{"code":411,"indent":3,"parameters":[]},{"code":235,"indent":4,"parameters":[7]},{"code":0,"indent":4,"parameters":[]},{"code":412,"indent":3,"parameters":[]},{"code":0,"indent":3,"parameters":[]},{"code":411,"indent":2,"parameters":[]},{"code":235,"indent":3,"parameters":[7]},{"code":0,"indent":3,"parameters":[]},{"code":412,"indent":2,"parameters":[]},{"code":235,"indent":2,"parameters":[8]},{"code":232,"indent":2,"parameters":[9,0,0,0,0,0,100,100,0,0,30,false]},{"code":356,"indent":2,"parameters":["HorrorEffects Screen Create Glitch"]},{"code":356,"indent":2,"parameters":["HorrorEffects Screen Change Glitch Offset 38"]},{"code":356,"indent":2,"parameters":["HorrorEffects Screen Change Glitch Slice 8"]},{"code":356,"indent":2,"parameters":["HorrorEffects Screen Change Glitch Animated false"]},{"code":356,"indent":2,"parameters":["HorrorEffects Screen Change Glitch Refresh"]},{"code":356,"indent":2,"parameters":["HorrorEffects Screen Change Glitch Refresh"]},{"code":230,"indent":2,"parameters":[7]},{"code":356,"indent":2,"parameters":["HorrorEffects Screen Change Glitch Refresh"]},{"code":230,"indent":2,"parameters":[7]},{"code":356,"indent":2,"parameters":["HorrorEffects Screen Change Glitch Refresh"]},{"code":230,"indent":2,"parameters":[7]},{"code":356,"indent":2,"parameters":["HorrorEffects Screen Change Glitch Refresh"]},{"code":230,"indent":2,"parameters":[7]},{"code":356,"indent":2,"parameters":["HorrorEffects Screen Change Glitch Refresh"]},{"code":230,"indent":2,"parameters":[7]},{"code":235,"indent":2,"parameters":[9]},{"code":235,"indent":2,"parameters":[7]},{"code":356,"indent":2,"parameters":["HorrorEffects Screen Clear"]},{"code":121,"indent":2,"parameters":[4708,4708,0]},{"code":0,"indent":2,"parameters":[]},{"code":412,"indent":1,"parameters":[]},{"code":0,"indent":1,"parameters":[]},{"code":412,"indent":0,"parameters":[]},{"code":0,"indent":0,"parameters":[]}],"moveFrequency":3,"moveRoute":{"list":[{"code":0,"parameters":[]}],"repeat":true,"skippable":false,"wait":false},"moveSpeed":3,"moveType":0,"priorityType":0,"stepAnime":false,"through":false,"trigger":4,"walkAnime":true},{"conditions":{"actorId":1,"actorValid":false,"itemId":1,"itemValid":false,"selfSwitchCh":"A","selfSwitchValid":false,"switch1Id":1,"switch1Valid":false,"switch2Id":1,"switch2Valid":false,"variableId":1,"variableValid":false,"variableValue":0},"directionFix":false,"image":{"characterIndex":0,"characterName":"","direction":2,"pattern":0,"tileId":0},"list":[{"code":356,"indent":0,"parameters":["VISRANGE X"]},{"code":223,"indent":0,"parameters":[[0,0,0,0],7,true]},{"code":230,"indent":0,"parameters":[7]},{"code":108,"indent":0,"parameters":["////DAY_TEXT"]},{"code":250,"indent":0,"parameters":[{"name":"day_break1","volume":90,"pitch":100,"pan":0}]},{"code":111,"indent":0,"parameters":[0,1518,0]},{"code":230,"indent":1,"parameters":[50]},{"code":231,"indent":1,"parameters":[1,"day_3",0,0,175,196,100,100,255,0]},{"code":231,"indent":1,"parameters":[2,"day_3",0,0,165,187,110,110,0,0]},{"code":232,"indent":1,"parameters":[2,0,0,0,175,196,100,100,40,0,3,true]},{"code":235,"indent":1,"parameters":[2]},{"code":230,"indent":1,"parameters":[90]},{"code":232,"indent":1,"parameters":[1,0,0,0,175,196,100,100,0,0,50,true]},{"code":235,"indent":1,"parameters":[1]},{"code":0,"indent":1,"parameters":[]},{"code":411,"indent":0,"parameters":[]},{"code":111,"indent":1,"parameters":[0,1514,0]},{"code":230,"indent":2,"parameters":[50]},{"code":231,"indent":2,"parameters":[1,"day_2",0,0,175,196,100,100,255,0]},{"code":231,"indent":2,"parameters":[2,"day_2",0,0,165,187,110,110,0,0]},{"code":232,"indent":2,"parameters":[2,0,0,0,175,196,100,100,40,0,3,true]},{"code":235,"indent":2,"parameters":[2]},{"code":230,"indent":2,"parameters":[90]},{"code":232,"indent":2,"parameters":[1,0,0,0,175,196,100,100,0,0,50,true]},{"code":235,"indent":2,"parameters":[1]},{"code":0,"indent":2,"parameters":[]},{"code":411,"indent":1,"parameters":[]},{"code":230,"indent":2,"parameters":[50]},{"code":231,"indent":2,"parameters":[1,"day_1",0,0,175,196,100,100,255,0]},{"code":231,"indent":2,"parameters":[2,"day_1",0,0,165,187,110,110,0,0]},{"code":232,"indent":2,"parameters":[2,0,0,0,175,196,100,100,40,0,3,true]},{"code":235,"indent":2,"parameters":[2]},{"code":230,"indent":2,"parameters":[90]},{"code":232,"indent":2,"parameters":[1,0,0,0,175,196,100,100,0,0,50,true]},{"code":235,"indent":2,"parameters":[1]},{"code":0,"indent":2,"parameters":[]},{"code":412,"indent":1,"parameters":[]},{"code":0,"indent":1,"parameters":[]},{"code":412,"indent":0,"parameters":[]},{"code":108,"indent":0,"parameters":["///"]},{"code":108,"indent":0,"parameters":["///"]},{"code":108,"indent":0,"parameters":["///"]},{"code":108,"indent":0,"parameters":["///"]},{"code":111,"indent":0,"parameters":[0,4708,1]},{"code":111,"indent":1,"parameters":[0,1518,0]},{"code":108,"indent":2,"parameters":["////DAY 3"]},{"code":111,"indent":2,"parameters":[0,1540,0]},{"code":111,"indent":3,"parameters":[13,0]},{"code":355,"indent":4,"parameters":["ysp.VideoPlayer.loadVideo('gods.webm')"]},{"code":355,"indent":4,"parameters":["ysp.VideoPlayer.newVideo('gods.webm', 1)"]},{"code":0,"indent":4,"parameters":[]},{"code":412,"indent":3,"parameters":[]},{"code":230,"indent":3,"parameters":[60]},{"code":122,"indent":3,"parameters":[2526,2526,0,0,1]},{"code":108,"indent":3,"parameters":["////"]},{"code":108,"indent":3,"parameters":["////"]},{"code":111,"indent":3,"parameters":[13,0]},{"code":355,"indent":4,"parameters":["ysp.VideoPlayer.playVideoById(1)"]},{"code":112,"indent":4,"parameters":[]},{"code":111,"indent":5,"parameters":[12,"ysp.VideoPlayer.getVideoById(1).texture.baseTexture.source.ended"]},{"code":113,"indent":6,"parameters":[]},{"code":0,"indent":6,"parameters":[]},{"code":411,"indent":5,"parameters":[]},{"code":230,"indent":6,"parameters":[1]},{"code":0,"indent":6,"parameters":[]},{"code":412,"indent":5,"parameters":[]},{"code":0,"indent":5,"parameters":[]},{"code":413,"indent":4,"parameters":[]},{"code":0,"indent":4,"parameters":[]},{"code":412,"indent":3,"parameters":[]},{"code":261,"indent":3,"parameters":["gods"]},{"code":108,"indent":3,"parameters":["////"]},{"code":108,"indent":3,"parameters":["////"]},{"code":122,"indent":3,"parameters":[2526,2526,0,0,0]},{"code":0,"indent":3,"parameters":[]},{"code":411,"indent":2,"parameters":[]},{"code":231,"indent":3,"parameters":[1,"day_3_1",0,0,0,0,100,100,0,0]},{"code":231,"indent":3,"parameters":[2,"day_3_2",0,0,0,0,100,100,0,0]},{"code":231,"indent":3,"parameters":[3,"day_3_3",0,0,0,0,100,100,0,0]},{"code":231,"indent":3,"parameters":[4,"day_3_4",0,0,0,0,100,100,0,0]},{"code":231,"indent":3,"parameters":[5,"day_3_5",0,0,0,0,100,100,0,0]},{"code":231,"indent":3,"parameters":[6,"day_3_6",0,0,0,0,100,100,0,0]},{"code":231,"indent":3,"parameters":[7,"day_3_7",0,0,0,0,100,100,0,0]},{"code":231,"indent":3,"parameters":[8,"day_3_8",0,0,0,0,100,100,0,0]},{"code":231,"indent":3,"parameters":[9,"day_3_9",0,0,0,0,100,100,0,0]},{"code":108,"indent":3,"parameters":["///"]},{"code":231,"indent":3,"parameters":[1,"day_3_1",0,0,0,0,100,100,255,0]},{"code":230,"indent":3,"parameters":[4]},{"code":231,"indent":3,"parameters":[2,"day_3_2",0,0,0,0,100,100,255,0]},{"code":230,"indent":3,"parameters":[4]},{"code":250,"indent":3,"parameters":[{"name":"Percussion EchoKnock Impact Analog_01","volume":10,"pitch":100,"pan":0}]},{"code":250,"indent":3,"parameters":[{"name":"Percussion NoisePerc OS Electric Analog 04_01","volume":15,"pitch":90,"pan":0}]},{"code":250,"indent":3,"parameters":[{"name":"GrainSting FX OS Electric Stab 01_01","volume":25,"pitch":100,"pan":0}]},{"code":231,"indent":3,"parameters":[3,"day_3_3",0,0,0,0,100,100,255,0]},{"code":230,"indent":3,"parameters":[4]},{"code":231,"indent":3,"parameters":[4,"day_3_4",0,0,0,0,100,100,255,0]},{"code":230,"indent":3,"parameters":[4]},{"code":231,"indent":3,"parameters":[5,"day_3_5",0,0,0,0,100,100,255,0]},{"code":230,"indent":3,"parameters":[4]},{"code":231,"indent":3,"parameters":[6,"day_3_6",0,0,0,0,100,100,255,0]},{"code":230,"indent":3,"parameters":[4]},{"code":231,"indent":3,"parameters":[7,"day_3_7",0,0,0,0,100,100,255,0]},{"code":230,"indent":3,"parameters":[4]},{"code":231,"indent":3,"parameters":[8,"day_3_8",0,0,0,0,100,100,255,0]},{"code":230,"indent":3,"parameters":[4]},{"code":356,"indent":3,"parameters":["HorrorEffects Screen Create Glitch"]},{"code":356,"indent":3,"parameters":["HorrorEffects Screen Change Glitch Offset 38"]},{"code":356,"indent":3,"parameters":["HorrorEffects Screen Change Glitch Slice 5"]},{"code":356,"indent":3,"parameters":["HorrorEffects Screen Change Glitch Animated true"]},{"code":356,"indent":3,"parameters":["HorrorEffects Screen Change Glitch Refresh"]},{"code":232,"indent":3,"parameters":[9,0,0,0,0,0,100,100,255,0,40,false]},{"code":230,"indent":3,"parameters":[10]},{"code":230,"indent":3,"parameters":[15]},{"code":230,"indent":3,"parameters":[40]},{"code":230,"indent":3,"parameters":[150]},{"code":0,"indent":3,"parameters":[]},{"code":412,"indent":2,"parameters":[]},{"code":0,"indent":2,"parameters":[]},{"code":411,"indent":1,"parameters":[]},{"code":111,"indent":2,"parameters":[0,1514,0]},{"code":108,"indent":3,"parameters":["////DAY 2"]},{"code":111,"indent":3,"parameters":[0,1540,0]},{"code":111,"indent":4,"parameters":[13,0]},{"code":355,"indent":5,"parameters":["ysp.VideoPlayer.loadVideo('sulfur.webm')"]},{"code":355,"indent":5,"parameters":["ysp.VideoPlayer.newVideo('sulfur.webm', 1)"]},{"code":0,"indent":5,"parameters":[]},{"code":412,"indent":4,"parameters":[]},{"code":230,"indent":4,"parameters":[60]},{"code":122,"indent":4,"parameters":[2526,2526,0,0,1]},{"code":108,"indent":4,"parameters":["////"]},{"code":108,"indent":4,"parameters":["////"]},{"code":111,"indent":4,"parameters":[13,0]},{"code":355,"indent":5,"parameters":["ysp.VideoPlayer.playVideoById(1)"]},{"code":112,"indent":5,"parameters":[]},{"code":111,"indent":6,"parameters":[12,"ysp.VideoPlayer.getVideoById(1).texture.baseTexture.source.ended"]},{"code":113,"indent":7,"parameters":[]},{"code":0,"indent":7,"parameters":[]},{"code":411,"indent":6,"parameters":[]},{"code":230,"indent":7,"parameters":[1]},{"code":0,"indent":7,"parameters":[]},{"code":412,"indent":6,"parameters":[]},{"code":0,"indent":6,"parameters":[]},{"code":413,"indent":5,"parameters":[]},{"code":0,"indent":5,"parameters":[]},{"code":412,"indent":4,"parameters":[]},{"code":261,"indent":4,"parameters":["sulfur"]},{"code":108,"indent":4,"parameters":["////"]},{"code":108,"indent":4,"parameters":["////"]},{"code":122,"indent":4,"parameters":[2526,2526,0,0,0]},{"code":0,"indent":4,"parameters":[]},{"code":411,"indent":3,"parameters":[]},{"code":231,"indent":4,"parameters":[1,"day_2_1",0,0,0,0,100,100,0,0]},{"code":231,"indent":4,"parameters":[2,"day_2_2",0,0,0,0,100,100,0,0]},{"code":231,"indent":4,"parameters":[3,"day_2_3",0,0,0,0,100,100,0,0]},{"code":231,"indent":4,"parameters":[4,"day_2_4",0,0,0,0,100,100,0,0]},{"code":231,"indent":4,"parameters":[5,"day_2_5",0,0,0,0,100,100,0,0]},{"code":231,"indent":4,"parameters":[6,"day_2_6",0,0,0,0,100,100,0,0]},{"code":231,"indent":4,"parameters":[7,"day_2_7",0,0,0,0,100,100,0,0]},{"code":231,"indent":4,"parameters":[8,"day_2_8",0,0,0,0,100,100,0,0]},{"code":231,"indent":4,"parameters":[9,"day_2_9",0,0,0,0,100,100,0,0]},{"code":108,"indent":4,"parameters":["///"]},{"code":231,"indent":4,"parameters":[1,"day_2_1",0,0,0,0,100,100,255,0]},{"code":230,"indent":4,"parameters":[4]},{"code":231,"indent":4,"parameters":[2,"day_2_2",0,0,0,0,100,100,255,0]},{"code":230,"indent":4,"parameters":[4]},{"code":250,"indent":4,"parameters":[{"name":"Percussion EchoKnock Impact Analog_01","volume":10,"pitch":100,"pan":0}]},{"code":250,"indent":4,"parameters":[{"name":"Percussion NoisePerc OS Electric Analog 04_01","volume":15,"pitch":90,"pan":0}]},{"code":250,"indent":4,"parameters":[{"name":"GrainSting FX OS Electric Stab 01_01","volume":25,"pitch":100,"pan":0}]},{"code":231,"indent":4,"parameters":[3,"day_2_3",0,0,0,0,100,100,255,0]},{"code":230,"indent":4,"parameters":[4]},{"code":231,"indent":4,"parameters":[4,"day_2_4",0,0,0,0,100,100,255,0]},{"code":230,"indent":4,"parameters":[4]},{"code":231,"indent":4,"parameters":[5,"day_2_5",0,0,0,0,100,100,255,0]},{"code":230,"indent":4,"parameters":[4]},{"code":231,"indent":4,"parameters":[6,"day_2_6",0,0,0,0,100,100,255,0]},{"code":230,"indent":4,"parameters":[4]},{"code":232,"indent":4,"parameters":[7,0,0,0,0,0,100,100,255,0,30,true]},{"code":356,"indent":4,"parameters":["HorrorEffects Screen Create Glitch"]},{"code":356,"indent":4,"parameters":["HorrorEffects Screen Change Glitch Offset 38"]},{"code":356,"indent":4,"parameters":["HorrorEffects Screen Change Glitch Slice 5"]},{"code":356,"indent":4,"parameters":["HorrorEffects Screen Change Glitch Animated true"]},{"code":356,"indent":4,"parameters":["HorrorEffects Screen Change Glitch Refresh"]},{"code":232,"indent":4,"parameters":[8,0,0,0,0,0,100,100,255,0,40,true]},{"code":232,"indent":4,"parameters":[9,0,0,0,0,0,100,100,255,0,50,false]},{"code":230,"indent":4,"parameters":[15]},{"code":230,"indent":4,"parameters":[40]},{"code":230,"indent":4,"parameters":[150]},{"code":0,"indent":4,"parameters":[]},{"code":412,"indent":3,"parameters":[]},{"code":0,"indent":3,"parameters":[]},{"code":411,"indent":2,"parameters":[]},{"code":108,"indent":3,"parameters":["////DAY 1"]},{"code":111,"indent":3,"parameters":[0,1540,0]},{"code":111,"indent":4,"parameters":[13,0]},{"code":355,"indent":5,"parameters":["ysp.VideoPlayer.loadVideo('monologue1.webm')"]},{"code":355,"indent":5,"parameters":["ysp.VideoPlayer.newVideo('monologue1.webm', 1)"]},{"code":0,"indent":5,"parameters":[]},{"code":412,"indent":4,"parameters":[]},{"code":230,"indent":4,"parameters":[60]},{"code":122,"indent":4,"parameters":[2526,2526,0,0,1]},{"code":108,"indent":4,"parameters":["////"]},{"code":108,"indent":4,"parameters":["////"]},{"code":111,"indent":4,"parameters":[13,0]},{"code":355,"indent":5,"parameters":["ysp.VideoPlayer.playVideoById(1)"]},{"code":112,"indent":5,"parameters":[]},{"code":111,"indent":6,"parameters":[12,"ysp.VideoPlayer.getVideoById(1).texture.baseTexture.source.ended"]},{"code":113,"indent":7,"parameters":[]},{"code":0,"indent":7,"parameters":[]},{"code":411,"indent":6,"parameters":[]},{"code":230,"indent":7,"parameters":[1]},{"code":0,"indent":7,"parameters":[]},{"code":412,"indent":6,"parameters":[]},{"code":0,"indent":6,"parameters":[]},{"code":413,"indent":5,"parameters":[]},{"code":0,"indent":5,"parameters":[]},{"code":412,"indent":4,"parameters":[]},{"code":261,"indent":4,"parameters":["monologue1"]},{"code":108,"indent":4,"parameters":["////"]},{"code":108,"indent":4,"parameters":["////"]},{"code":122,"indent":4,"parameters":[2526,2526,0,0,0]},{"code":0,"indent":4,"parameters":[]},{"code":411,"indent":3,"parameters":[]},{"code":231,"indent":4,"parameters":[4,"day_1_1",0,0,0,0,100,100,0,0]},{"code":231,"indent":4,"parameters":[3,"day_1_2",0,0,0,0,100,100,0,0]},{"code":231,"indent":4,"parameters":[2,"day_1_3",0,0,0,0,100,100,0,0]},{"code":231,"indent":4,"parameters":[1,"day_1_4",0,0,0,0,100,100,0,0]},{"code":231,"indent":4,"parameters":[5,"day_1_5",0,0,0,0,100,100,0,0]},{"code":231,"indent":4,"parameters":[6,"day_1_6",0,0,0,0,100,100,0,0]},{"code":231,"indent":4,"parameters":[7,"day_1_7",0,0,0,0,100,100,0,0]},{"code":108,"indent":4,"parameters":["///"]},{"code":231,"indent":4,"parameters":[4,"day_1_1",0,0,0,0,100,100,100,0]},{"code":231,"indent":4,"parameters":[8,"day_2_8",0,0,0,0,100,100,0,0]},{"code":230,"indent":4,"parameters":[4]},{"code":232,"indent":4,"parameters":[3,0,0,0,0,0,100,100,200,0,1,true]},{"code":232,"indent":4,"parameters":[4,0,0,0,0,0,100,100,0,0,9,false]},{"code":230,"indent":4,"parameters":[4]},{"code":250,"indent":4,"parameters":[{"name":"Percussion EchoKnock Impact Analog_01","volume":10,"pitch":100,"pan":0}]},{"code":250,"indent":4,"parameters":[{"name":"Percussion NoisePerc OS Electric Analog 04_01","volume":15,"pitch":90,"pan":0}]},{"code":250,"indent":4,"parameters":[{"name":"GrainSting FX OS Electric Stab 01_01","volume":25,"pitch":100,"pan":0}]},{"code":232,"indent":4,"parameters":[2,0,0,0,0,0,100,100,255,0,1,true]},{"code":232,"indent":4,"parameters":[3,0,0,0,0,0,100,100,0,0,4,false]},{"code":230,"indent":4,"parameters":[4]},{"code":232,"indent":4,"parameters":[1,0,0,0,0,0,100,100,255,0,2,false]},{"code":232,"indent":4,"parameters":[2,0,0,0,0,0,100,100,0,0,4,false]},{"code":108,"indent":4,"parameters":["fade"]},{"code":232,"indent":4,"parameters":[5,0,0,0,0,0,100,100,255,0,20,true]},{"code":356,"indent":4,"parameters":["HorrorEffects Screen Create Glitch"]},{"code":356,"indent":4,"parameters":["HorrorEffects Screen Change Glitch Offset 38"]},{"code":356,"indent":4,"parameters":["HorrorEffects Screen Change Glitch Slice 5"]},{"code":356,"indent":4,"parameters":["HorrorEffects Screen Change Glitch Animated true"]},{"code":232,"indent":4,"parameters":[6,0,0,0,0,0,100,100,255,0,45,true]},{"code":232,"indent":4,"parameters":[7,0,0,0,0,0,100,100,255,0,85,false]},{"code":230,"indent":4,"parameters":[40]},{"code":230,"indent":4,"parameters":[150]},{"code":0,"indent":4,"parameters":[]},{"code":412,"indent":3,"parameters":[]},{"code":0,"indent":3,"parameters":[]},{"code":412,"indent":2,"parameters":[]},{"code":0,"indent":2,"parameters":[]},{"code":412,"indent":1,"parameters":[]},{"code":111,"indent":1,"parameters":[0,4708,1]},{"code":111,"indent":2,"parameters":[13,0]},{"code":230,"indent":3,"parameters":[50]},{"code":0,"indent":3,"parameters":[]},{"code":412,"indent":2,"parameters":[]},{"code":235,"indent":2,"parameters":[1]},{"code":235,"indent":2,"parameters":[2]},{"code":235,"indent":2,"parameters":[3]},{"code":235,"indent":2,"parameters":[4]},{"code":235,"indent":2,"parameters":[5]},{"code":235,"indent":2,"parameters":[6]},{"code":111,"indent":2,"parameters":[0,1514,1]},{"code":111,"indent":3,"parameters":[0,1518,1]},{"code":232,"indent":4,"parameters":[9,0,0,0,0,0,100,100,0,0,30,false]},{"code":0,"indent":4,"parameters":[]},{"code":411,"indent":3,"parameters":[]},{"code":235,"indent":4,"parameters":[7]},{"code":0,"indent":4,"parameters":[]},{"code":412,"indent":3,"parameters":[]},{"code":0,"indent":3,"parameters":[]},{"code":411,"indent":2,"parameters":[]},{"code":235,"indent":3,"parameters":[7]},{"code":0,"indent":3,"parameters":[]},{"code":412,"indent":2,"parameters":[]},{"code":235,"indent":2,"parameters":[8]},{"code":111,"indent":2,"parameters":[0,1540,1]},{"code":250,"indent":3,"parameters":[{"name":"Glitch 3_7_01","volume":50,"pitch":100,"pan":0}]},{"code":356,"indent":3,"parameters":["HorrorEffects Screen Create Glitch"]},{"code":356,"indent":3,"parameters":["HorrorEffects Screen Change Glitch Offset 38"]},{"code":356,"indent":3,"parameters":["HorrorEffects Screen Change Glitch Slice 5"]},{"code":356,"indent":3,"parameters":["HorrorEffects Screen Change Glitch Animated true"]},{"code":232,"indent":3,"parameters":[9,0,0,0,0,0,100,100,0,0,60,true]},{"code":0,"indent":3,"parameters":[]},{"code":412,"indent":2,"parameters":[]},{"code":235,"indent":2,"parameters":[9]},{"code":235,"indent":2,"parameters":[7]},{"code":121,"indent":2,"parameters":[4708,4708,0]},{"code":0,"indent":2,"parameters":[]},{"code":412,"indent":1,"parameters":[]},{"code":0,"indent":1,"parameters":[]},{"code":412,"indent":0,"parameters":[]},{"code":0,"indent":0,"parameters":[]}],"moveFrequency":3,"moveRoute":{"list":[{"code":0,"parameters":[]}],"repeat":true,"skippable":false,"wait":false},"moveSpeed":3,"moveType":0,"priorityType":0,"stepAnime":false,"through":false,"trigger":4,"walkAnime":true},{"conditions":{"actorId":1,"actorValid":false,"itemId":1,"itemValid":false,"selfSwitchCh":"A","selfSwitchValid":false,"switch1Id":4708,"switch1Valid":true,"switch2Id":1,"switch2Valid":false,"variableId":1,"variableValid":false,"variableValue":0},"directionFix":false,"image":{"characterIndex":0,"characterName":"","direction":2,"pattern":0,"tileId":0},"list":[{"code":355,"indent":0,"parameters":["ysp.VideoPlayer.releaseVideo('monologue1.webm')"]},{"code":655,"indent":0,"parameters":["ysp.VideoPlayer.releaseVideo('gods.webm')"]},{"code":655,"indent":0,"parameters":["ysp.VideoPlayer.releaseVideo('sulfur.webm')"]},{"code":235,"indent":0,"parameters":[1]},{"code":235,"indent":0,"parameters":[2]},{"code":235,"indent":0,"parameters":[3]},{"code":235,"indent":0,"parameters":[4]},{"code":235,"indent":0,"parameters":[5]},{"code":235,"indent":0,"parameters":[6]},{"code":235,"indent":0,"parameters":[7]},{"code":235,"indent":0,"parameters":[8]},{"code":235,"indent":0,"parameters":[9]},{"code":356,"indent":0,"parameters":["HorrorEffects Screen Clear"]},{"code":223,"indent":0,"parameters":[[255,255,255,0],5,true]},{"code":211,"indent":0,"parameters":[1]},{"code":135,"indent":0,"parameters":[1]},{"code":117,"indent":0,"parameters":[440]},{"code":0,"indent":0,"parameters":[]}],"moveFrequency":3,"moveRoute":{"list":[{"code":0,"parameters":[]}],"repeat":true,"skippable":false,"wait":false},"moveSpeed":3,"moveType":0,"priorityType":0,"stepAnime":false,"through":false,"trigger":3,"walkAnime":true}],"x":0,"y":0},
{"id":3,"name":"EV003","note":"","pages":[{"conditions":{"actorId":1,"actorValid":false,"itemId":1,"itemValid":false,"selfSwitchCh":"A","selfSwitchValid":false,"switch1Id":1,"switch1Valid":false,"switch2Id":1,"switch2Valid":false,"variableId":1,"variableValid":false,"variableValue":0},"directionFix":false,"image":{"characterIndex":0,"characterName":"","direction":2,"pattern":0,"tileId":0},"list":[{"code":0,"indent":0,"parameters":[]}],"moveFrequency":3,"moveRoute":{"list":[{"code":0,"parameters":[]}],"repeat":true,"skippable":false,"wait":false},"moveSpeed":3,"moveType":0,"priorityType":1,"stepAnime":false,"through":false,"trigger":0,"walkAnime":true}],"x":0,"y":11},
{"id":4,"name":"EV004","note":"","pages":[{"conditions":{"actorId":1,"actorValid":false,"itemId":1,"itemValid":false,"selfSwitchCh":"A","selfSwitchValid":false,"switch1Id":1,"switch1Valid":false,"switch2Id":1,"switch2Valid":false,"variableId":1,"variableValid":false,"variableValue":0},"directionFix":false,"image":{"characterIndex":0,"characterName":"","direction":2,"pattern":0,"tileId":0},"list":[{"code":0,"indent":0,"parameters":[]}],"moveFrequency":3,"moveRoute":{"list":[{"code":0,"parameters":[]}],"repeat":true,"skippable":false,"wait":false},"moveSpeed":3,"moveType":0,"priorityType":1,"stepAnime":false,"through":false,"trigger":0,"walkAnime":true}],"x":1,"y":12},
{"id":5,"name":"EV005","note":"","pages":[{"conditions":{"actorId":1,"actorValid":false,"itemId":1,"itemValid":false,"selfSwitchCh":"A","selfSwitchValid":false,"switch1Id":1,"switch1Valid":false,"switch2Id":1,"switch2Valid":false,"variableId":1,"variableValid":false,"variableValue":0},"directionFix":false,"image":{"characterIndex":0,"characterName":"","direction":2,"pattern":0,"tileId":0},"list":[{"code":111,"indent":0,"parameters":[11,"ok"]},{"code":121,"indent":1,"parameters":[4708,4708,0]},{"code":0,"indent":1,"parameters":[]},{"code":412,"indent":0,"parameters":[]},{"code":0,"indent":0,"parameters":[]}],"moveFrequency":3,"moveRoute":{"list":[{"code":0,"parameters":[]}],"repeat":true,"skippable":false,"wait":false},"moveSpeed":3,"moveType":0,"priorityType":0,"stepAnime":false,"through":false,"trigger":4,"walkAnime":true},{"conditions":{"actorId":1,"actorValid":false,"itemId":1,"itemValid":false,"selfSwitchCh":"A","selfSwitchValid":false,"switch1Id":1,"switch1Valid":false,"switch2Id":1,"switch2Valid":false,"variableId":2526,"variableValid":true,"variableValue":1},"directionFix":false,"image":{"characterIndex":0,"characterName":"","direction":2,"pattern":0,"tileId":0},"list":[{"code":0,"indent":0,"parameters":[]}],"moveFrequency":3,"moveRoute":{"list":[{"code":0,"parameters":[]}],"repeat":true,"skippable":false,"wait":false},"moveSpeed":3,"moveType":0,"priorityType":0,"stepAnime":false,"through":false,"trigger":0,"walkAnime":true}],"x":0,"y":1}
]
}