{
"autoplayBgm":false,"autoplayBgs":false,"battleback1Name":"","battleback2Name":"","bgm":{"name":"","pan":0,"pitch":100,"volume":90},"bgs":{"name":"","pan":0,"pitch":100,"volume":90},"disableDashing":false,"displayName":"","encounterList":[],"encounterStep":30,"height":13,"note":"LAYER 1 fog1 0.2 0 80 6 0.2 0 1\nLAYER 2 fog2 0.1 0 50 6 0.1 0 1","parallaxLoopX":false,"parallaxLoopY":false,"parallaxName":"","parallaxShow":true,"parallaxSx":0,"parallaxSy":0,"scrollType":0,"specifyBattleback":false,"tilesetId":1,"width":17,
"data":[0,0,0,0,0,0,0,0,0,0,0,0,0,0,0,0,0,0,0,0,0,0,0,0,0,0,0,0,0,0,0,0,0,0,0,0,0,0,0,0,0,0,0,0,0,0,0,0,0,0,0,0,0,0,0,0,0,0,0,0,0,0,0,0,0,0,0,0,0,0,0,0,0,0,0,0,0,0,0,0,0,0,0,0,0,0,0,0,0,0,0,0,0,0,0,0,0,0,0,0,0,0,0,0,0,0,0,0,0,0,0,0,0,0,0,0,0,0,0,0,0,0,0,0,0,0,0,0,0,0,0,0,0,0,0,0,0,0,0,0,0,0,0,0,0,0,0,0,0,0,0,0,0,0,0,0,0,0,0,0,0,0,0,0,0,0,0,0,0,0,0,0,0,0,0,0,0,0,0,0,0,0,0,0,0,0,0,0,0,0,0,0,0,0,0,0,0,0,0,0,0,0,0,0,0,0,0,0,0,0,0,0,0,0,0,0,0,0,0,0,0,0,0,0,0,0,0,0,0,0,0,0,0,0,0,0,0,0,0,0,0,0,0,0,0,0,0,0,0,0,0,0,0,0,0,0,0,0,0,0,0,0,0,0,0,0,0,0,0,0,0,0,0,0,0,0,0,0,0,0,0,0,0,0,0,0,0,0,0,0,0,0,0,0,0,0,0,0,0,0,0,0,0,0,0,0,0,0,0,0,0,0,0,0,0,0,0,0,0,0,0,0,0,0,0,0,0,0,0,0,0,0,0,0,0,0,0,0,0,0,0,0,0,0,0,0,0,0,0,0,0,0,0,0,0,0,0,0,0,0,0,0,0,0,0,0,0,0,0,0,0,0,0,0,0,0,0,0,0,0,0,0,0,0,0,0,0,0,0,0,0,0,0,0,0,0,0,0,0,0,0,0,0,0,0,0,0,0,0,0,0,0,0,0,0,0,0,0,0,0,0,0,0,0,0,0,0,0,0,0,0,0,0,0,0,0,0,0,0,0,0,0,0,0,0,0,0,0,0,0,0,0,0,0,0,0,0,0,0,0,0,0,0,0,0,0,0,0,0,0,0,0,0,0,0,0,0,0,0,0,0,0,0,0,0,0,0,0,0,0,0,0,0,0,0,0,0,0,0,0,0,0,0,0,0,0,0,0,0,0,0,0,0,0,0,0,0,0,0,0,0,0,0,0,0,0,0,0,0,0,0,0,0,0,0,0,0,0,0,0,0,0,0,0,0,0,0,0,0,0,0,0,0,0,0,0,0,0,0,0,0,0,0,0,0,0,0,0,0,0,0,0,0,0,0,0,0,0,0,0,0,0,0,0,0,0,0,0,0,0,0,0,0,0,0,0,0,0,0,0,0,0,0,0,0,0,0,0,0,0,0,0,0,0,0,0,0,0,0,0,0,0,0,0,0,0,0,0,0,0,0,0,0,0,0,0,0,0,0,0,0,0,0,0,0,0,0,0,0,0,0,0,0,0,0,0,0,0,0,0,0,0,0,0,0,0,0,0,0,0,0,0,0,0,0,0,0,0,0,0,0,0,0,0,0,0,0,0,0,0,0,0,0,0,0,0,0,0,0,0,0,0,0,0,0,0,0,0,0,0,0,0,0,0,0,0,0,0,0,0,0,0,0,0,0,0,0,0,0,0,0,0,0,0,0,0,0,0,0,0,0,0,0,0,0,0,0,0,0,0,0,0,0,0,0,0,0,0,0,0,0,0,0,0,0,0,0,0,0,0,0,0,0,0,0,0,0,0,0,0,0,0,0,0,0,0,0,0,0,0,0,0,0,0,0,0,0,0,0,0,0,0,0,0,0,0,0,0,0,0,0,0,0,0,0,0,0,0,0,0,0,0,0,0,0,0,0,0,0,0,0,0,0,0,0,0,0,0,0,0,0,0,0,0,0,0,0,0,0,0,0,0,0,0,0,0,0,0,0,0,0,0,0,0,0,0,0,0,0,0,0,0,0,0,0,0,0,0,0,0,0,0,0,0,0,0,0,0,0,0,0,0,0,0,0,0,0,0,0,0,0,0,0,0,0,0,0,0,0,0,0,0,0,0,0,0,0,0,0,0,0,0,0,0,0,0,0,0,0,0,0,0,0,0,0,0,0,0,0,0,0,0,0,0,0,0,0,0,0,0,0,0,0,0,0,0,0,0,0,0,0,0,0,0,0,0,0,0,0,0,0,0,0,0,0,0,0,0,0,0,0,0,0,0,0,0,0,0,0,0,0,0,0,0,0,0,0,0,0,0,0,0,0,0,0,0,0,0,0,0,0,0,0,0,0,0,0,0,0,0,0,0,0,0,0,0,0,0,0,0,0,0,0,0,0,0,0,0,0,0,0,0,0,0,0,0,0,0,0,0,0,0,0,0,0,0,0,0,0,0,0,0,0,0,0,0,0,0,0,0,0,0,0,0,0,0,0,0,0,0,0,0,0,0,0,0,0,0,0,0,0,0,0,0,0,0,0,0,0,0,0,0,0,0,0,0,0,0,0,0,0,0,0,0,0,0,0,0,0,0,0,0,0,0,0,0,0,0,0,0,0,0,0,0,0,0,0,0,0,0,0,0,0,0,0,0,0,0,0,0,0,0,0,0,0,0,0,0,0,0,0,0,0,0,0,0,0,0,0,0,0,0,0,0,0,0,0,0,0,0,0,0,0,0,0,0,0,0,0,0,0,0,0,0,0,0,0,0,0,0,0,0,0,0,0,0,0,0,0,0,0,0,0,0,0,0,0,0,0,0,0,0,0,0,0,0,0,0,0,0,0,0,0,0,0,0,0,0,0,0,0,0,0,0,0,0,0,0,0,0,0,0,0,0,0,0,0,0,0,0,0,0,0,0,0,0,0,0,0,0,0,0,0,0,0,0,0,0,0,0,0,0,0,0,0,0,0,0,0,0,0,0,0,0,0,0,0,0,0,0,0,0,0,0,0,0,0,0,0,0,0,0,0,0,0,0,0,0,0,0,0,0,0,0,0,0],
"events":[
null,
{"id":1,"name":"EV001","note":"","pages":[{"conditions":{"actorId":1,"actorValid":false,"itemId":1,"itemValid":false,"selfSwitchCh":"A","selfSwitchValid":false,"switch1Id":1,"switch1Valid":false,"switch2Id":1,"switch2Valid":false,"variableId":1,"variableValid":false,"variableValue":0},"directionFix":false,"image":{"characterIndex":0,"characterName":"","direction":2,"pattern":0,"tileId":0},"list":[{"code":211,"indent":0,"parameters":[0]},{"code":231,"indent":0,"parameters":[1,"prehevil_city",0,0,0,-5,100,100,255,0]},{"code":231,"indent":0,"parameters":[2,"prehevil_fog1",0,0,300,0,100,100,250,0]},{"code":231,"indent":0,"parameters":[3,"prehevil_fog1",0,0,400,0,100,100,100,0]},{"code":231,"indent":0,"parameters":[4,"prehevil_fog2",0,0,0,0,100,100,250,0]},{"code":231,"indent":0,"parameters":[5,"prehevil_fog2",0,0,-100,0,100,100,100,0]},{"code":231,"indent":0,"parameters":[6,"prehevil_trees1",0,0,0,0,100,100,255,0]},{"code":231,"indent":0,"parameters":[7,"prehevil_tree2",0,0,0,0,100,100,255,0]},{"code":231,"indent":0,"parameters":[8,"prehevil_tree3",0,0,0,0,100,100,255,0]},{"code":108,"indent":0,"parameters":[""]},{"code":230,"indent":0,"parameters":[150]},{"code":232,"indent":0,"parameters":[1,0,0,0,0,-1,100,100,255,0,30,false]},{"code":232,"indent":0,"parameters":[6,0,0,0,0,10,100,100,255,0,30,false]},{"code":232,"indent":0,"parameters":[7,0,0,0,0,12,100,100,255,0,30,false]},{"code":232,"indent":0,"parameters":[8,0,0,0,0,17,100,100,255,0,30,true]},{"code":108,"indent":0,"parameters":[""]},{"code":232,"indent":0,"parameters":[1,0,0,0,0,1,100,100,255,0,18,false]},{"code":232,"indent":0,"parameters":[6,0,0,0,0,15,100,100,255,0,18,false]},{"code":232,"indent":0,"parameters":[7,0,0,0,0,17,100,100,255,0,18,false]},{"code":232,"indent":0,"parameters":[8,0,0,0,0,24,100,100,255,0,18,true]},{"code":108,"indent":0,"parameters":[""]},{"code":108,"indent":0,"parameters":["mist"]},{"code":108,"indent":0,"parameters":["mist"]},{"code":232,"indent":0,"parameters":[2,0,0,0,350,0,100,100,180,0,225,false]},{"code":232,"indent":0,"parameters":[3,0,0,0,450,0,100,100,75,0,225,false]},{"code":232,"indent":0,"parameters":[4,0,0,0,-50,0,100,100,180,0,225,false]},{"code":232,"indent":0,"parameters":[5,0,0,0,-150,0,100,100,75,0,225,false]},{"code":108,"indent":0,"parameters":["mist"]},{"code":108,"indent":0,"parameters":["mist"]},{"code":232,"indent":0,"parameters":[1,0,0,0,0,6,100,100,255,0,180,false]},{"code":232,"indent":0,"parameters":[6,0,0,0,0,63,100,100,255,0,180,false]},{"code":232,"indent":0,"parameters":[7,0,0,0,0,75,100,100,255,0,180,false]},{"code":232,"indent":0,"parameters":[8,0,0,0,0,100,100,100,255,0,180,true]},{"code":108,"indent":0,"parameters":[""]},{"code":232,"indent":0,"parameters":[1,0,0,0,0,8,100,100,255,0,20,false]},{"code":232,"indent":0,"parameters":[6,0,0,0,0,70,100,100,255,0,20,false]},{"code":232,"indent":0,"parameters":[7,0,0,0,0,82,100,100,255,0,20,false]},{"code":232,"indent":0,"parameters":[8,0,0,0,0,107,100,100,255,0,20,true]},{"code":108,"indent":0,"parameters":[""]},{"code":232,"indent":0,"parameters":[1,0,0,0,0,9,100,100,255,0,25,false]},{"code":232,"indent":0,"parameters":[6,0,0,0,0,73,100,100,255,0,25,false]},{"code":232,"indent":0,"parameters":[7,0,0,0,0,85,100,100,255,0,25,false]},{"code":232,"indent":0,"parameters":[8,0,0,0,0,110,100,100,255,0,25,true]},{"code":108,"indent":0,"parameters":[""]},{"code":108,"indent":0,"parameters":["mist"]},{"code":232,"indent":0,"parameters":[2,0,0,0,550,0,100,100,60,0,400,false]},{"code":232,"indent":0,"parameters":[3,0,0,0,650,0,100,100,40,0,530,false]},{"code":232,"indent":0,"parameters":[4,0,0,0,-200,0,100,100,60,0,380,false]},{"code":232,"indent":0,"parameters":[5,0,0,0,-300,0,100,100,40,0,500,false]},{"code":108,"indent":0,"parameters":["mist"]},{"code":230,"indent":0,"parameters":[999]},{"code":0,"indent":0,"parameters":[]}],"moveFrequency":3,"moveRoute":{"list":[{"code":0,"parameters":[]}],"repeat":true,"skippable":false,"wait":false},"moveSpeed":3,"moveType":0,"priorityType":0,"stepAnime":false,"through":false,"trigger":0,"walkAnime":true}],"x":1,"y":3},
{"id":2,"name":"EV002","note":"","pages":[{"conditions":{"actorId":1,"actorValid":false,"itemId":1,"itemValid":false,"selfSwitchCh":"A","selfSwitchValid":false,"switch1Id":1,"switch1Valid":false,"switch2Id":1,"switch2Valid":false,"variableId":1,"variableValid":false,"variableValue":0},"directionFix":false,"image":{"characterIndex":0,"characterName":"","direction":2,"pattern":0,"tileId":0},"list":[{"code":211,"indent":0,"parameters":[0]},{"code":121,"indent":0,"parameters":[2616,2616,0]},{"code":223,"indent":0,"parameters":[[0,0,0,0],60,false]},{"code":231,"indent":0,"parameters":[10,"blackscreen",0,0,0,0,100,100,255,0]},{"code":231,"indent":0,"parameters":[1,"prehevil_sky",0,0,0,-5,100,100,255,0]},{"code":231,"indent":0,"parameters":[2,"prehevil_city",0,0,0,-5,100,100,255,0]},{"code":231,"indent":0,"parameters":[3,"prehevil_fog1",0,0,300,0,100,100,230,0]},{"code":231,"indent":0,"parameters":[4,"prehevil_fog1",0,0,400,0,100,100,100,0]},{"code":231,"indent":0,"parameters":[5,"prehevil_fog2",0,0,0,0,100,100,230,0]},{"code":231,"indent":0,"parameters":[6,"prehevil_fog2",0,0,-100,0,100,100,100,0]},{"code":231,"indent":0,"parameters":[7,"prehevil_trees1",0,0,0,0,100,100,255,0]},{"code":231,"indent":0,"parameters":[8,"prehevil_tree2",0,0,0,0,100,100,255,0]},{"code":231,"indent":0,"parameters":[9,"prehevil_tree3",0,0,0,0,100,100,255,0]},{"code":232,"indent":0,"parameters":[10,0,0,0,0,0,100,100,0,0,80,true]},{"code":108,"indent":0,"parameters":[""]},{"code":230,"indent":0,"parameters":[120]},{"code":111,"indent":0,"parameters":[0,243,0]},{"code":101,"indent":1,"parameters":["",0,0,2]},{"code":401,"indent":1,"parameters":["\\>\\i[64]\\}UGUST\\{\\<"]},{"code":401,"indent":1,"parameters":["\"See that tall tower looming in the mist?\""]},{"code":101,"indent":1,"parameters":["",0,0,2]},{"code":401,"indent":1,"parameters":["\\>\\i[64]\\}UGUST\\{\\<"]},{"code":401,"indent":1,"parameters":["\"That is what we call 'a landmark'. You use one to orient yourself"]},{"code":401,"indent":1,"parameters":["with the surroundings.\""]},{"code":230,"indent":1,"parameters":[60]},{"code":101,"indent":1,"parameters":["",0,0,2]},{"code":401,"indent":1,"parameters":["\\>\\i[64]\\}UGUST\\{\\<"]},{"code":401,"indent":1,"parameters":["\"In this case the orienting is a fairly easy task even for a city-dwelling "]},{"code":401,"indent":1,"parameters":["metropolitan like you.\""]},{"code":101,"indent":1,"parameters":["",0,0,2]},{"code":401,"indent":1,"parameters":["\\>\\i[64]\\}UGUST\\{\\<"]},{"code":401,"indent":1,"parameters":["\"That tower stands in the middle of the city. Just head towards"]},{"code":401,"indent":1,"parameters":["it and you're there in no time.\""]},{"code":0,"indent":1,"parameters":[]},{"code":411,"indent":0,"parameters":[]},{"code":101,"indent":1,"parameters":["",0,0,2]},{"code":401,"indent":1,"parameters":["\\>\\i[76]\\}AN WITH CHECKERED PANTS\\{\\<"]},{"code":401,"indent":1,"parameters":["\"Look, up there over the forest top...\""]},{"code":230,"indent":1,"parameters":[60]},{"code":101,"indent":1,"parameters":["",0,0,2]},{"code":401,"indent":1,"parameters":["\\>\\i[76]\\}AN WITH CHECKERED PANTS\\{\\<"]},{"code":401,"indent":1,"parameters":["\"Can you see the tower standing erect in the mist?\""]},{"code":101,"indent":1,"parameters":["",0,0,2]},{"code":401,"indent":1,"parameters":["\\>\\i[76]\\}AN WITH CHECKERED PANTS\\{\\<"]},{"code":401,"indent":1,"parameters":["\"That tower marks the center of Prehevil.\""]},{"code":101,"indent":1,"parameters":["",0,0,2]},{"code":401,"indent":1,"parameters":["\\>\\i[76]\\}AN WITH CHECKERED PANTS\\{\\<"]},{"code":401,"indent":1,"parameters":["\"You can hike through the forest to get there. It's not that far away.\""]},{"code":0,"indent":1,"parameters":[]},{"code":412,"indent":0,"parameters":[]},{"code":230,"indent":0,"parameters":[30]},{"code":232,"indent":0,"parameters":[2,0,0,0,0,-3,100,100,255,0,30,false]},{"code":232,"indent":0,"parameters":[7,0,0,0,0,3,100,100,255,0,30,false]},{"code":232,"indent":0,"parameters":[8,0,0,0,0,4,100,100,255,0,30,false]},{"code":232,"indent":0,"parameters":[9,0,0,0,0,6,100,100,255,0,30,true]},{"code":108,"indent":0,"parameters":[""]},{"code":232,"indent":0,"parameters":[2,0,0,0,0,-1,100,100,255,0,50,false]},{"code":232,"indent":0,"parameters":[7,0,0,0,0,10,100,100,255,0,50,false]},{"code":232,"indent":0,"parameters":[8,0,0,0,0,12,100,100,255,0,50,false]},{"code":232,"indent":0,"parameters":[9,0,0,0,0,17,100,100,255,0,50,true]},{"code":108,"indent":0,"parameters":[""]},{"code":232,"indent":0,"parameters":[2,0,0,0,0,1,100,100,255,0,38,false]},{"code":232,"indent":0,"parameters":[7,0,0,0,0,15,100,100,255,0,38,false]},{"code":232,"indent":0,"parameters":[8,0,0,0,0,17,100,100,255,0,38,false]},{"code":232,"indent":0,"parameters":[9,0,0,0,0,24,100,100,255,0,38,true]},{"code":108,"indent":0,"parameters":[""]},{"code":108,"indent":0,"parameters":["mist"]},{"code":108,"indent":0,"parameters":["mist"]},{"code":232,"indent":0,"parameters":[3,0,0,0,350,0,100,100,180,0,265,false]},{"code":232,"indent":0,"parameters":[4,0,0,0,450,0,100,100,75,0,265,false]},{"code":232,"indent":0,"parameters":[5,0,0,0,-50,0,100,100,180,0,265,false]},{"code":232,"indent":0,"parameters":[6,0,0,0,-150,0,100,100,75,0,265,false]},{"code":108,"indent":0,"parameters":["mist"]},{"code":108,"indent":0,"parameters":["mist"]},{"code":232,"indent":0,"parameters":[2,0,0,0,0,6,100,100,255,0,200,false]},{"code":232,"indent":0,"parameters":[7,0,0,0,0,63,100,100,255,0,200,false]},{"code":232,"indent":0,"parameters":[8,0,0,0,0,75,100,100,255,0,200,false]},{"code":232,"indent":0,"parameters":[9,0,0,0,0,100,100,100,255,0,200,true]},{"code":108,"indent":0,"parameters":[""]},{"code":232,"indent":0,"parameters":[2,0,0,0,0,8,100,100,255,0,40,false]},{"code":232,"indent":0,"parameters":[7,0,0,0,0,70,100,100,255,0,40,false]},{"code":232,"indent":0,"parameters":[8,0,0,0,0,82,100,100,255,0,40,false]},{"code":232,"indent":0,"parameters":[9,0,0,0,0,107,100,100,255,0,40,true]},{"code":108,"indent":0,"parameters":[""]},{"code":232,"indent":0,"parameters":[2,0,0,0,0,9,100,100,255,0,45,false]},{"code":232,"indent":0,"parameters":[7,0,0,0,0,73,100,100,255,0,45,false]},{"code":232,"indent":0,"parameters":[8,0,0,0,0,85,100,100,255,0,45,false]},{"code":232,"indent":0,"parameters":[9,0,0,0,0,110,100,100,255,0,45,true]},{"code":108,"indent":0,"parameters":[""]},{"code":108,"indent":0,"parameters":["mist"]},{"code":232,"indent":0,"parameters":[3,0,0,0,550,0,100,100,90,0,600,false]},{"code":232,"indent":0,"parameters":[4,0,0,0,650,0,100,100,50,0,730,false]},{"code":232,"indent":0,"parameters":[5,0,0,0,-200,0,100,100,90,0,580,false]},{"code":232,"indent":0,"parameters":[6,0,0,0,-300,0,100,100,50,0,700,false]},{"code":108,"indent":0,"parameters":["mist"]},{"code":108,"indent":0,"parameters":[""]},{"code":232,"indent":0,"parameters":[2,0,0,0,0,10,100,100,255,0,15,false]},{"code":232,"indent":0,"parameters":[7,0,0,0,0,74,100,100,255,0,15,false]},{"code":232,"indent":0,"parameters":[8,0,0,0,0,86,100,100,255,0,15,false]},{"code":232,"indent":0,"parameters":[9,0,0,0,0,111,100,100,255,0,15,true]},{"code":108,"indent":0,"parameters":[""]},{"code":230,"indent":0,"parameters":[280]},{"code":223,"indent":0,"parameters":[[-255,-255,-255,0],20,true]},{"code":232,"indent":0,"parameters":[10,0,0,0,0,0,100,100,255,0,80,true]},{"code":235,"indent":0,"parameters":[1]},{"code":235,"indent":0,"parameters":[2]},{"code":235,"indent":0,"parameters":[3]},{"code":235,"indent":0,"parameters":[4]},{"code":235,"indent":0,"parameters":[5]},{"code":235,"indent":0,"parameters":[6]},{"code":235,"indent":0,"parameters":[7]},{"code":235,"indent":0,"parameters":[8]},{"code":235,"indent":0,"parameters":[9]},{"code":235,"indent":0,"parameters":[10]},{"code":211,"indent":0,"parameters":[1]},{"code":201,"indent":0,"parameters":[0,4,64,42,4,0]},{"code":0,"indent":0,"parameters":[]}],"moveFrequency":3,"moveRoute":{"list":[{"code":0,"parameters":[]}],"repeat":true,"skippable":false,"wait":false},"moveSpeed":3,"moveType":0,"priorityType":0,"stepAnime":false,"through":false,"trigger":3,"walkAnime":true}],"x":3,"y":3},
null
]
}