[
null,
{"id":1,"expanded":true,"name":"Praha1","order":8,"parentId":28,"scrollX":2402.6666666666665,"scrollY":1602.6666666666667},
{"id":2,"expanded":true,"name":"outskirts","order":157,"parentId":73,"scrollX":446.4,"scrollY":1668},
{"id":3,"expanded":true,"name":"Character_creation","order":2,"parentId":10,"scrollX":595.1999999999999,"scrollY":474.59999999999997},
{"id":4,"expanded":true,"name":"Path1","order":9,"parentId":28,"scrollX":2624.8888888888887,"scrollY":2179.5555555555557},
{"id":5,"expanded":true,"name":"Abandoned_house","order":16,"parentId":15,"scrollX":1470,"scrollY":3282},
{"id":6,"expanded":true,"name":"testmap","order":159,"parentId":0,"scrollX":1749.3333333333333,"scrollY":1765.3333333333333},
{"id":7,"expanded":false,"name":"MAP007","order":160,"parentId":6,"scrollX":778.6666666666666,"scrollY":517.3333333333334},
{"id":8,"expanded":true,"name":"Intro_Moon_scene","order":167,"parentId":0,"scrollX":628.6666666666666,"scrollY":606},
{"id":9,"expanded":true,"name":"Old_town2","order":20,"parentId":16,"scrollX":628.6666666666666,"scrollY":487.3333333333333},
{"id":10,"expanded":true,"name":"start","order":1,"parentId":0,"scrollX":728,"scrollY":413.3333333333333},
{"id":11,"expanded":false,"name":"Old_house","order":21,"parentId":9,"scrollX":2052,"scrollY":2153.090909090909},
{"id":12,"expanded":false,"name":"MAP012","order":165,"parentId":6,"scrollX":1498.6666666666667,"scrollY":586.6666666666666},
{"id":13,"expanded":false,"name":"Cottage1","order":11,"parentId":4,"scrollX":628.6666666666666,"scrollY":574},
{"id":14,"expanded":false,"name":"Train_cabins","order":10,"parentId":4,"scrollX":1151.111111111111,"scrollY":2179.5555555555557},
{"id":15,"expanded":true,"name":"Outskirts1","order":15,"parentId":28,"scrollX":1211.3333333333333,"scrollY":1504.6666666666667},
{"id":16,"expanded":true,"name":"Old_town1","order":19,"parentId":28,"scrollX":1905.090909090909,"scrollY":3038.181818181818},
{"id":17,"expanded":true,"name":"Workshop","order":169,"parentId":8,"scrollX":628.6666666666666,"scrollY":487.3333333333333},
{"id":18,"expanded":false,"name":"Grand_hall","order":161,"parentId":6,"scrollX":628.6666666666666,"scrollY":487.3333333333333},
{"id":19,"expanded":false,"name":"Intro_Train_cabins","order":168,"parentId":8,"scrollX":1697,"scrollY":779},
{"id":20,"expanded":true,"name":"Mayors_manor","order":22,"parentId":9,"scrollX":1239.3333333333333,"scrollY":3282},
{"id":21,"expanded":false,"name":"2_story_house","order":25,"parentId":9,"scrollX":2463.6363636363635,"scrollY":3639.6363636363635},
{"id":22,"expanded":false,"name":"small_hut1","order":27,"parentId":16,"scrollX":628.6666666666666,"scrollY":487.3333333333333},
{"id":23,"expanded":true,"name":"Forest1","order":29,"parentId":28,"scrollX":630,"scrollY":1316.6666666666667},
{"id":24,"expanded":true,"name":"tunnels_7","order":30,"parentId":23,"scrollX":2807.3333333333335,"scrollY":955.3333333333334},
{"id":25,"expanded":true,"name":"Elevator","order":31,"parentId":24,"scrollX":628.6666666666666,"scrollY":1159.3333333333333},
{"id":26,"expanded":true,"name":"tunnels7_2","order":33,"parentId":24,"scrollX":1072.6666666666667,"scrollY":558},
{"id":27,"expanded":true,"name":"Alternate7_2","order":34,"parentId":24,"scrollX":2271.3333333333335,"scrollY":900.6666666666666},
{"id":28,"expanded":true,"name":"A_set","order":7,"parentId":0,"scrollX":728,"scrollY":413.3333333333333},
{"id":29,"expanded":true,"name":"Alternate_elevator","order":35,"parentId":27,"scrollX":628.6666666666666,"scrollY":487.3333333333333},
{"id":30,"expanded":true,"name":"Alternate_7","order":36,"parentId":24,"scrollX":628.6666666666666,"scrollY":630},
{"id":31,"expanded":true,"name":"hexen","order":173,"parentId":0,"scrollX":639.3333333333334,"scrollY":568.6666666666666},
{"id":32,"expanded":true,"name":"Moon_tower","order":174,"parentId":31,"scrollX":959,"scrollY":747},
{"id":33,"expanded":false,"name":"Alternate_Abandoned_house","order":17,"parentId":5,"scrollX":628.6666666666666,"scrollY":558},
{"id":34,"expanded":false,"name":"Toilet","order":28,"parentId":16,"scrollX":628.6666666666666,"scrollY":487.3333333333333},
{"id":35,"expanded":false,"name":"start_screen","order":171,"parentId":8,"scrollX":421.3333333333333,"scrollY":376},
{"id":36,"expanded":true,"name":"Prehevil_Staircase1","order":39,"parentId":28,"scrollX":1295.111111111111,"scrollY":944.8888888888889},
{"id":37,"expanded":true,"name":"Prehevil_East1","order":54,"parentId":36,"scrollX":742.9090909090909,"scrollY":304.3636363636364},
{"id":38,"expanded":true,"name":"Central_Prehevil","order":40,"parentId":36,"scrollX":2528.3636363636365,"scrollY":1807.6363636363637},
{"id":39,"expanded":true,"name":"Prehevil_West","order":86,"parentId":36,"scrollX":1478.5,"scrollY":551.5},
{"id":40,"expanded":true,"name":"Riverside","order":105,"parentId":28,"scrollX":1028.7272727272727,"scrollY":930.5454545454546},
{"id":41,"expanded":true,"name":"Old_town3","order":109,"parentId":40,"scrollX":628.6666666666666,"scrollY":487.3333333333333},
{"id":42,"expanded":true,"name":"Lake","order":106,"parentId":40,"scrollX":1113.8181818181818,"scrollY":913.0909090909091},
{"id":43,"expanded":false,"name":"test","order":175,"parentId":0,"scrollX":798,"scrollY":496.6666666666667},
{"id":44,"expanded":true,"name":"Church_1","order":55,"parentId":37,"scrollX":2731.3333333333335,"scrollY":827.3333333333334},
{"id":45,"expanded":true,"name":"Church_level2_OLD","order":58,"parentId":44,"scrollX":471.5,"scrollY":367.5},
{"id":46,"expanded":true,"name":"Church_ceiling2","order":57,"parentId":44,"scrollX":628.6666666666666,"scrollY":487.3333333333333},
{"id":47,"expanded":true,"name":"Church_ceiling1","order":56,"parentId":44,"scrollX":628.6666666666666,"scrollY":487.3333333333333},
{"id":48,"expanded":true,"name":"Church_alternate","order":59,"parentId":45,"scrollX":1111.3333333333333,"scrollY":1848.6666666666667},
{"id":49,"expanded":true,"name":"Shack1","order":110,"parentId":41,"scrollX":628.6666666666666,"scrollY":487.3333333333333},
{"id":50,"expanded":true,"name":"tunnels_5","order":111,"parentId":41,"scrollX":628.6666666666666,"scrollY":487.3333333333333},
{"id":51,"expanded":true,"name":"Church_level2","order":60,"parentId":44,"scrollX":2944.6666666666665,"scrollY":827.3333333333334},
{"id":52,"expanded":false,"name":"derelict_house","order":26,"parentId":9,"scrollX":1291.3333333333333,"scrollY":1134},
{"id":53,"expanded":false,"name":"Restaurant","order":65,"parentId":36,"scrollX":2002.5454545454545,"scrollY":2264.3636363636365},
{"id":54,"expanded":false,"name":"Book_store","order":41,"parentId":38,"scrollX":628.6666666666666,"scrollY":487.3333333333333},
{"id":55,"expanded":true,"name":"Prehevil_Back_alleys","order":66,"parentId":36,"scrollX":1286.909090909091,"scrollY":646.9090909090909},
{"id":56,"expanded":false,"name":"Renka_cafe","order":80,"parentId":58,"scrollX":1918,"scrollY":1740.6666666666667},
{"id":57,"expanded":true,"name":"Prehevil_NorthWest","order":87,"parentId":39,"scrollX":1395.3333333333333,"scrollY":1046},
{"id":58,"expanded":true,"name":"Shopping_street","order":78,"parentId":36,"scrollX":3464.6666666666665,"scrollY":2059.3333333333335},
{"id":59,"expanded":true,"name":"Temple_site","order":42,"parentId":38,"scrollX":2110,"scrollY":2446},
{"id":60,"expanded":true,"name":"Ruined_city","order":92,"parentId":39,"scrollX":1598,"scrollY":906},
{"id":61,"expanded":true,"name":"Lake_test","order":162,"parentId":6,"scrollX":1570.8,"scrollY":643.8},
{"id":62,"expanded":true,"name":"tv_set","order":163,"parentId":6,"scrollX":639.3333333333334,"scrollY":498},
{"id":63,"expanded":false,"name":"club_test","order":166,"parentId":6,"scrollX":1164,"scrollY":594.75},
{"id":64,"expanded":true,"name":"Deep_woods","order":121,"parentId":65,"scrollX":628.6666666666666,"scrollY":487.3333333333333},
{"id":65,"expanded":true,"name":"Deeper_woods","order":120,"parentId":28,"scrollX":1156.6666666666667,"scrollY":2034},
{"id":66,"expanded":false,"name":"Clothing_store","order":79,"parentId":58,"scrollX":628.6666666666666,"scrollY":487.3333333333333},
{"id":67,"expanded":true,"name":"prhvl_bop","order":81,"parentId":58,"scrollX":891.3333333333334,"scrollY":558},
{"id":68,"expanded":true,"name":"Church_statue","order":61,"parentId":44,"scrollX":952.6666666666666,"scrollY":1588.6666666666667},
{"id":69,"expanded":true,"name":"Apartments_1F","order":67,"parentId":55,"scrollX":2572.5,"scrollY":1322.5},
{"id":70,"expanded":false,"name":"Apartments_basement","order":68,"parentId":69,"scrollX":1468.5,"scrollY":1276.5},
{"id":71,"expanded":true,"name":"Apartments_2F","order":69,"parentId":69,"scrollX":1720.5,"scrollY":1377.5},
{"id":72,"expanded":true,"name":"Splash_Screen","order":154,"parentId":0,"scrollX":456,"scrollY":356},
{"id":73,"expanded":true,"name":"Fortress_intro","order":156,"parentId":0,"scrollX":523.1999999999999,"scrollY":418.79999999999995},
{"id":74,"expanded":false,"name":"Fortress","order":155,"parentId":0,"scrollX":726.75,"scrollY":806.25},
{"id":75,"expanded":true,"name":"Apartments_3F","order":70,"parentId":69,"scrollX":2396.5,"scrollY":1501.5},
{"id":76,"expanded":true,"name":"Apartments_3F_Alternate","order":71,"parentId":69,"scrollX":1805.5,"scrollY":2265.5},
{"id":77,"expanded":true,"name":"School","order":94,"parentId":39,"scrollX":791.6363636363636,"scrollY":2013.4545454545455},
{"id":78,"expanded":true,"name":"Sewers1","order":112,"parentId":40,"scrollX":628.6666666666666,"scrollY":487.3333333333333},
{"id":79,"expanded":true,"name":"Prehevil_Back_alleys2","order":75,"parentId":55,"scrollX":2206.909090909091,"scrollY":688.3636363636364},
{"id":80,"expanded":true,"name":"Mausoleum_alley","order":43,"parentId":59,"scrollX":1791.6363636363637,"scrollY":1220},
{"id":81,"expanded":true,"name":"Church_Passageway","order":62,"parentId":44,"scrollX":1355.3333333333333,"scrollY":1910},
{"id":82,"expanded":true,"name":"Otherside","order":138,"parentId":28,"scrollX":1078,"scrollY":487.3333333333333},
{"id":83,"expanded":true,"name":"Department_store","order":83,"parentId":58,"scrollX":628.6666666666666,"scrollY":487.3333333333333},
{"id":84,"expanded":true,"name":"Museum","order":44,"parentId":59,"scrollX":1403.2727272727273,"scrollY":2689.090909090909},
{"id":85,"expanded":false,"name":"Department_store_2","order":84,"parentId":83,"scrollX":628.6666666666666,"scrollY":558},
{"id":86,"expanded":true,"name":"Department_store_3","order":85,"parentId":83,"scrollX":1531.3333333333333,"scrollY":1740.6666666666667},
{"id":87,"expanded":true,"name":"School2","order":95,"parentId":77,"scrollX":4389.5,"scrollY":2890.5},
{"id":88,"expanded":true,"name":"Schoolyard","order":97,"parentId":77,"scrollX":1124.6666666666667,"scrollY":676.6666666666666},
{"id":89,"expanded":false,"name":"occult_store","order":88,"parentId":57,"scrollX":628.6666666666666,"scrollY":487.3333333333333},
{"id":90,"expanded":true,"name":"Alternate_schoolyard","order":98,"parentId":77,"scrollX":2391.3333333333335,"scrollY":2368.6666666666665},
{"id":91,"expanded":false,"name":"Well","order":18,"parentId":15,"scrollX":639.3333333333334,"scrollY":487.3333333333333},
{"id":92,"expanded":true,"name":"Cavern_entrance","order":122,"parentId":65,"scrollX":628.6666666666666,"scrollY":487.3333333333333},
{"id":93,"expanded":true,"name":"Apartments_2F_Alternate","order":72,"parentId":69,"scrollX":825.5,"scrollY":2238.5},
{"id":94,"expanded":false,"name":"Old_hotel","order":53,"parentId":38,"scrollX":1290.5,"scrollY":1518.5},
{"id":95,"expanded":true,"name":"Apartments_small","order":89,"parentId":57,"scrollX":1524.6666666666667,"scrollY":1360.6666666666667},
{"id":96,"expanded":true,"name":"Sewage_treatment_plant","order":113,"parentId":78,"scrollX":628.6666666666666,"scrollY":487.3333333333333},
{"id":97,"expanded":true,"name":"Sewers_backrooms","order":114,"parentId":96,"scrollX":628.6666666666666,"scrollY":487.3333333333333},
{"id":98,"expanded":true,"name":"Sewers2","order":115,"parentId":78,"scrollX":628.6666666666666,"scrollY":487.3333333333333},
{"id":99,"expanded":true,"name":"Apartments_1F_Alternate","order":73,"parentId":69,"scrollX":1098.5,"scrollY":1809.5},
{"id":100,"expanded":true,"name":"Apartments_basement_Alternate","order":74,"parentId":69,"scrollX":963.5,"scrollY":829.5},
{"id":101,"expanded":true,"name":"Sewers3","order":116,"parentId":78,"scrollX":632.6666666666666,"scrollY":487.3333333333333},
{"id":102,"expanded":false,"name":"prehevil_view","order":164,"parentId":62,"scrollX":421.3333333333333,"scrollY":361.77777777777777},
{"id":103,"expanded":false,"name":"Manor_basement","order":23,"parentId":20,"scrollX":1234,"scrollY":1584.6666666666667},
{"id":104,"expanded":true,"name":"tunnels_6","order":37,"parentId":24,"scrollX":628.6666666666666,"scrollY":487.3333333333333},
{"id":105,"expanded":false,"name":"Speakeasy","order":82,"parentId":67,"scrollX":471.5,"scrollY":367.5},
{"id":106,"expanded":true,"name":"Sewers4","order":117,"parentId":78,"scrollX":628.6666666666666,"scrollY":487.3333333333333},
{"id":107,"expanded":true,"name":"Sewers_west","order":38,"parentId":104,"scrollX":628.6666666666666,"scrollY":487.3333333333333},
{"id":108,"expanded":true,"name":"School_basement","order":99,"parentId":77,"scrollX":1495.3333333333333,"scrollY":3220.6666666666665},
{"id":109,"expanded":false,"name":"Confessional","order":63,"parentId":44,"scrollX":639.3333333333334,"scrollY":498},
{"id":110,"expanded":true,"name":"Temple_site_1","order":48,"parentId":59,"scrollX":1480.3636363636363,"scrollY":1334.1818181818182},
{"id":111,"expanded":true,"name":"Temple_site_2","order":47,"parentId":59,"scrollX":342.90909090909093,"scrollY":894.1818181818181},
{"id":112,"expanded":true,"name":"devils_island","order":107,"parentId":42,"scrollX":628.6666666666666,"scrollY":487.3333333333333},
{"id":113,"expanded":true,"name":"Deepest_woods","order":130,"parentId":65,"scrollX":948.6666666666666,"scrollY":1283.3333333333333},
{"id":114,"expanded":true,"name":"Outskirts_path","order":12,"parentId":4,"scrollX":1790.2222222222222,"scrollY":985.7777777777778},
{"id":115,"expanded":true,"name":"tunnels_1_entrance","order":131,"parentId":113,"scrollX":628.6666666666666,"scrollY":487.3333333333333},
{"id":116,"expanded":true,"name":"tunnels_1","order":132,"parentId":113,"scrollX":628.6666666666666,"scrollY":487.3333333333333},
{"id":117,"expanded":true,"name":"Museum_ballroom","order":45,"parentId":84,"scrollX":1403.2727272727273,"scrollY":1615.6363636363637},
{"id":118,"expanded":true,"name":"tunnels_1_2","order":133,"parentId":116,"scrollX":628.6666666666666,"scrollY":487.3333333333333},
{"id":119,"expanded":true,"name":"hollow_tower","order":50,"parentId":59,"scrollX":628.6666666666666,"scrollY":498},
{"id":120,"expanded":true,"name":"hollow_tower2","order":51,"parentId":119,"scrollX":628.6666666666666,"scrollY":498},
{"id":121,"expanded":false,"name":"Apartments_small_2F","order":90,"parentId":95,"scrollX":798,"scrollY":727.3333333333334},
{"id":122,"expanded":false,"name":"Apartments_small_3F","order":91,"parentId":95,"scrollX":844.6666666666666,"scrollY":886},
{"id":123,"expanded":true,"name":"Sewers_entrance","order":118,"parentId":106,"scrollX":471.5,"scrollY":367.5},
{"id":124,"expanded":true,"name":"storage","order":93,"parentId":60,"scrollX":471.5,"scrollY":1253.5},
{"id":125,"expanded":true,"name":"tunnels_0_entrance","order":143,"parentId":28,"scrollX":628.6666666666666,"scrollY":487.3333333333333},
{"id":126,"expanded":true,"name":"ladders","order":46,"parentId":117,"scrollX":628.6666666666666,"scrollY":487.3333333333333},
{"id":127,"expanded":true,"name":"tunnels_0_level1","order":144,"parentId":125,"scrollX":628.6666666666666,"scrollY":487.3333333333333},
{"id":128,"expanded":true,"name":"tunnels_0_cables1","order":145,"parentId":127,"scrollX":628.6666666666666,"scrollY":498},
{"id":129,"expanded":false,"name":"day_change","order":3,"parentId":10,"scrollX":608,"scrollY":476.6666666666667},
{"id":130,"expanded":true,"name":"path_to_river","order":14,"parentId":4,"scrollX":628.6666666666666,"scrollY":558},
{"id":131,"expanded":false,"name":"News_agency","order":100,"parentId":39,"scrollX":1124.6666666666667,"scrollY":1984.6666666666667},
{"id":132,"expanded":false,"name":"pocketcat_scene","order":172,"parentId":8,"scrollX":628.6666666666666,"scrollY":702},
{"id":133,"expanded":false,"name":"character_check","order":4,"parentId":10,"scrollX":568.1999999999999,"scrollY":456},
{"id":134,"expanded":true,"name":"tunnels_0_level2","order":146,"parentId":125,"scrollX":1790.2222222222222,"scrollY":2634.6666666666665},
{"id":135,"expanded":true,"name":"tunnels_0_cables2","order":147,"parentId":134,"scrollX":628.6666666666666,"scrollY":498},
{"id":136,"expanded":true,"name":"tunnels_0_level4","order":150,"parentId":125,"scrollX":1707.3333333333333,"scrollY":1902},
{"id":137,"expanded":true,"name":"tunnels_0_level3","order":148,"parentId":125,"scrollX":628.6666666666666,"scrollY":487.3333333333333},
{"id":138,"expanded":true,"name":"Prehevil_East_outskirts","order":64,"parentId":37,"scrollX":1028.7272727272727,"scrollY":913.0909090909091},
{"id":139,"expanded":false,"name":"Grand_hall_final","order":149,"parentId":137,"scrollX":628.6666666666666,"scrollY":487.3333333333333},
{"id":140,"expanded":true,"name":"tunnels_0_final","order":151,"parentId":136,"scrollX":591.5,"scrollY":367.5},
{"id":141,"expanded":false,"name":"transform","order":5,"parentId":10,"scrollX":568.1999999999999,"scrollY":456},
{"id":142,"expanded":true,"name":"Pit","order":135,"parentId":145,"scrollX":628.6666666666666,"scrollY":487.3333333333333},
{"id":143,"expanded":true,"name":"final","order":152,"parentId":140,"scrollX":628.6666666666666,"scrollY":487.3333333333333},
{"id":144,"expanded":true,"name":"Alternate_path","order":13,"parentId":114,"scrollX":628.6666666666666,"scrollY":487.3333333333333},
{"id":145,"expanded":true,"name":"Hidden_woods","order":134,"parentId":65,"scrollX":628.6666666666666,"scrollY":487.3333333333333},
{"id":146,"expanded":true,"name":"Moon_tower","order":52,"parentId":120,"scrollX":628.6666666666666,"scrollY":606},
{"id":147,"expanded":true,"name":"Mayors_manor_alternate","order":24,"parentId":20,"scrollX":570.5,"scrollY":367.5},
{"id":148,"expanded":true,"name":"Otherside2","order":139,"parentId":82,"scrollX":639.3333333333334,"scrollY":498},
{"id":149,"expanded":false,"name":"Workshop2","order":170,"parentId":17,"scrollX":628.6666666666666,"scrollY":487.3333333333333},
{"id":150,"expanded":true,"name":"pocketcat_room","order":140,"parentId":148,"scrollX":552,"scrollY":362.5},
{"id":151,"expanded":true,"name":"endings","order":176,"parentId":0,"scrollX":567,"scrollY":459},
{"id":152,"expanded":false,"name":"fall_scene","order":158,"parentId":2,"scrollX":973.8,"scrollY":646.8},
{"id":153,"expanded":true,"name":"pocketcat2_room","order":141,"parentId":148,"scrollX":822,"scrollY":643.7142857142857},
{"id":154,"expanded":false,"name":"ending1","order":177,"parentId":151,"scrollX":417.3333333333333,"scrollY":363.1111111111111},
{"id":155,"expanded":false,"name":"start_the_game","order":6,"parentId":10,"scrollX":342.90909090909093,"scrollY":319.6363636363636},
{"id":156,"expanded":true,"name":"Prehevil_West2","order":101,"parentId":39,"scrollX":913.5,"scrollY":1633.5},
{"id":157,"expanded":true,"name":"hallway1","order":102,"parentId":156,"scrollX":628.6666666666666,"scrollY":487.3333333333333},
{"id":158,"expanded":true,"name":"inner_garden","order":103,"parentId":157,"scrollX":628.6666666666666,"scrollY":498},
{"id":159,"expanded":true,"name":"Apartments_backalley","order":76,"parentId":55,"scrollX":628.6666666666666,"scrollY":487.3333333333333},
{"id":160,"expanded":false,"name":"Apartments_backalley_2F","order":77,"parentId":159,"scrollX":628.6666666666666,"scrollY":487.3333333333333},
{"id":161,"expanded":true,"name":"head_count","order":179,"parentId":151,"scrollX":728,"scrollY":413.3333333333333},
{"id":162,"expanded":true,"name":"final_falling","order":153,"parentId":140,"scrollX":628.6666666666666,"scrollY":552.6666666666666},
{"id":163,"expanded":false,"name":"ending1_free","order":178,"parentId":151,"scrollX":417.3333333333333,"scrollY":363.1111111111111},
{"id":164,"expanded":true,"name":"School3","order":96,"parentId":87,"scrollX":471.5,"scrollY":418.5},
{"id":165,"expanded":false,"name":"Elevator_shaft1","order":32,"parentId":25,"scrollX":628.6666666666666,"scrollY":643.3333333333334},
{"id":166,"expanded":false,"name":"Cavern_ladders","order":123,"parentId":92,"scrollX":628.6666666666666,"scrollY":487.3333333333333},
{"id":167,"expanded":true,"name":"tunnels4","order":124,"parentId":92,"scrollX":628.6666666666666,"scrollY":487.3333333333333},
{"id":168,"expanded":false,"name":"Elevator_shaft2","order":125,"parentId":167,"scrollX":628.6666666666666,"scrollY":1091.3333333333333},
{"id":169,"expanded":true,"name":"tunnels4_3","order":126,"parentId":167,"scrollX":628.6666666666666,"scrollY":487.3333333333333},
{"id":170,"expanded":true,"name":"Crypt1","order":128,"parentId":92,"scrollX":628.6666666666666,"scrollY":487.3333333333333},
{"id":171,"expanded":true,"name":"decayed_foundations","order":129,"parentId":92,"scrollX":628.6666666666666,"scrollY":487.3333333333333},
{"id":172,"expanded":true,"name":"Pit2","order":136,"parentId":145,"scrollX":518.5,"scrollY":367.5},
{"id":173,"expanded":true,"name":"tunnels4_1","order":127,"parentId":167,"scrollX":628.6666666666666,"scrollY":487.3333333333333},
{"id":174,"expanded":true,"name":"donnovan_house","order":49,"parentId":110,"scrollX":1090.5,"scrollY":835.5},
{"id":175,"expanded":true,"name":"Sewers5_small","order":119,"parentId":78,"scrollX":628.6666666666666,"scrollY":487.3333333333333},
{"id":176,"expanded":true,"name":"Tent1","order":137,"parentId":65,"scrollX":628.6666666666666,"scrollY":487.3333333333333},
{"id":177,"expanded":true,"name":"Prehevil_alleyway","order":104,"parentId":156,"scrollX":628.6666666666666,"scrollY":487.3333333333333},
{"id":178,"expanded":true,"name":"Otherside_test","order":142,"parentId":82,"scrollX":639.3333333333334,"scrollY":487.3333333333333},
{"id":179,"expanded":true,"name":"Floating","order":108,"parentId":42,"scrollX":997.5,"scrollY":418.5},
{"id":180,"expanded":false,"name":"sewerman","order":180,"parentId":0,"scrollX":728,"scrollY":413.3333333333333}
]