[
null,
{"id":1,"animationId":9,"description":"A short kitchen knife. What it lacks in size it makes up\nin speed.","etypeId":1,"traits":[{"code":31,"dataId":2,"value":0},{"code":22,"dataId":0,"value":0.15}],"iconIndex":221,"name":"Knife","note":"\n\n\n\n\n<Critical Multiplier: 20%>\n<Random Variance: 2>\n<Picture: icon_knife>\n<Replace Attack: 1>","params":[0,0,10,0,0,0,0,0],"price":500,"wtypeId":1},
{"id":2,"animationId":2,"description":"A sword of an army officer. Swords like these don't see much use\nthese days. They are kept around more because of tradition.","etypeId":1,"traits":[{"code":31,"dataId":2,"value":0},{"code":22,"dataId":0,"value":0.15}],"iconIndex":219,"name":"Officer sword","note":"\n\n\n\n\n<Critical Multiplier: 20%>\n<Random Variance: 2>\n<Picture: icon_sword>\n<Replace Attack: 1>","params":[0,0,35,0,0,0,0,0],"price":500,"wtypeId":2},
{"id":3,"animationId":17,"description":"Rusty iron pipe with hefty weight. Can cause momentary stun.","etypeId":1,"traits":[{"code":31,"dataId":1,"value":0},{"code":22,"dataId":0,"value":0.15},{"code":32,"dataId":28,"value":0.25}],"iconIndex":252,"name":"Rusty pipe","note":"\n\n\n\n\n<Critical Multiplier: 20%>\n<Random Variance: 2>\n<Picture: icon_steel_pipe>\n<Replace Attack: 1>","params":[0,0,29,0,0,0,0,0],"price":0,"wtypeId":4},
{"id":4,"animationId":68,"description":"A long barbed and spiked rod. The weapon is very heavy and\nclumsy to wield but causes severe damage when hit.","etypeId":1,"traits":[{"code":31,"dataId":1,"value":0},{"code":22,"dataId":0,"value":0.15},{"code":32,"dataId":29,"value":0.25},{"code":54,"dataId":2,"value":1},{"code":55,"dataId":0,"value":1}],"iconIndex":238,"name":"Mauler","note":"\n\n\n\n\n<Critical Multiplier: 20%>\n<Random Variance: 2>\n<Picture: icon_mauler>\n<Replace Attack: 1>","params":[0,0,70,0,0,0,0,0],"price":500,"wtypeId":6},
{"id":5,"animationId":9,"description":"A sharp scalpel. It's very short, but very accurate in experienced \nhands.","etypeId":1,"traits":[{"code":31,"dataId":2,"value":0},{"code":22,"dataId":0,"value":0.45}],"iconIndex":223,"name":"Scalpel","note":"\n\n\n\n\n<Critical Multiplier: 20%>\n<Random Variance: 2>\n<Picture: icon_scalpel>\n<Replace Attack: 1>","params":[0,0,29,0,0,0,0,0],"price":500,"wtypeId":1},
{"id":6,"animationId":3,"description":"A medium sized wood axe. Swinging this as a weapon is sure\nto scare away lesser foes.","etypeId":1,"traits":[{"code":31,"dataId":2,"value":0},{"code":22,"dataId":0,"value":0.15}],"iconIndex":239,"name":"Axe","note":"\n\n\n\n\n<Critical Multiplier: 20%>\n<Random Variance: 2>\n<Picture: icon_axe>\n<Replace Attack: 1>","params":[0,0,34,0,0,0,0,0],"price":0,"wtypeId":4},
{"id":7,"animationId":2,"description":"Originally a tool for cutting tree branches. It could be used\nfor things equal in size, like human limbs for example.","etypeId":1,"traits":[{"code":31,"dataId":2,"value":0},{"code":22,"dataId":0,"value":0.15}],"iconIndex":191,"name":"Kassara","note":"\n\n\n\n\n<Critical Multiplier: 20%>\n<Random Variance: 2>\n<Picture: icon_kassara>\n<Replace Attack: 1>","params":[0,0,35,0,0,0,0,0],"price":500,"wtypeId":4},
{"id":8,"animationId":331,"description":"A tool used for harvesting crops. It also has a long history\nas a weapon of choice for civilians.","etypeId":1,"traits":[{"code":31,"dataId":2,"value":0},{"code":22,"dataId":0,"value":0.15}],"iconIndex":302,"name":"Sickle","note":"\n\n\n\n\n<Critical Multiplier: 20%>\n<Picture: icon_sickle>\n<Replace Attack: 1>","params":[0,0,25,0,0,0,0,0],"price":500,"wtypeId":1},
{"id":9,"animationId":0,"description":"","etypeId":1,"traits":[{"code":31,"dataId":1,"value":0},{"code":22,"dataId":0,"value":0}],"iconIndex":0,"name":"","note":"","params":[0,0,0,0,0,0,0,0],"price":0,"wtypeId":0},
{"id":10,"animationId":271,"description":"A rifle with a knife attachment. You switch to close-range\ncombat easily with this one. Shoot on field with [SHIFT].","etypeId":1,"traits":[{"code":31,"dataId":2,"value":0},{"code":22,"dataId":0,"value":0.15},{"code":54,"dataId":2,"value":1},{"code":55,"dataId":0,"value":1},{"code":32,"dataId":24,"value":1}],"iconIndex":235,"name":"Bayonet","note":"\n\n\n\n\n<Random Variance: 10>\n<Picture: icon_bayonet>\n<Replace Attack: 1>","params":[0,0,34,0,0,0,0,0],"price":500,"wtypeId":3},
{"id":11,"animationId":269,"description":"A bolt-action, magazine-fed repeating rifle. The most common\nused rifle in the First Great War. Shoot on field with [SHIFT].","etypeId":1,"traits":[{"code":31,"dataId":3,"value":0},{"code":22,"dataId":0,"value":0.15},{"code":54,"dataId":2,"value":1},{"code":55,"dataId":0,"value":1},{"code":32,"dataId":24,"value":1},{"code":22,"dataId":6,"value":-3}],"iconIndex":236,"name":"Rifle .303 Mk I","note":"\n\n\n\n\n<skill_id:282>\n<Random Variance: 10>\n<Picture: icon_rifle>\n<Replace Attack: 1>","params":[0,0,46,0,0,0,0,0],"price":500,"wtypeId":7},
{"id":12,"animationId":270,"description":"A powerful gun with a serious kick. Fires a number of small\npellets that stop even larger foes. Shoot on field with [SHIFT].","etypeId":1,"traits":[{"code":31,"dataId":3,"value":0},{"code":22,"dataId":0,"value":0.3},{"code":14,"dataId":26,"value":1},{"code":22,"dataId":6,"value":-3}],"iconIndex":237,"name":"12-gauge Trenchgun","note":"\n\n\n\n\n<skill_id:283>\n<Random Variance: 10>\n<Picture: icon_trenchgun>\n<Replace Attack: 1>","params":[0,0,50,0,0,0,0,0],"price":0,"wtypeId":8},
{"id":13,"animationId":268,"description":"A toggle-locked, recoil-operated semi-automatic pistol. Typically\nused by the Bremen army officers as a secondary arm.","etypeId":1,"traits":[{"code":31,"dataId":3,"value":0},{"code":22,"dataId":0,"value":0.15},{"code":14,"dataId":26,"value":1},{"code":22,"dataId":6,"value":-3}],"iconIndex":222,"name":"Lugr Pistol","note":"\n\n\n\n\n<skill_id:281>\n<Random Variance: 5>\n<Picture: icon_pistol>\n<Replace Attack: 1>","params":[0,0,35,0,0,0,0,0],"price":0,"wtypeId":7},
{"id":14,"animationId":0,"description":"","etypeId":1,"traits":[{"code":31,"dataId":1,"value":0},{"code":22,"dataId":0,"value":0}],"iconIndex":0,"name":"","note":"","params":[0,0,0,0,0,0,0,0],"price":0,"wtypeId":0},
{"id":15,"animationId":335,"description":"A tool used for assembling wide variety of things. Can be used\nas a blunt weapons as well.","etypeId":1,"traits":[{"code":31,"dataId":1,"value":0},{"code":22,"dataId":0,"value":0.15},{"code":32,"dataId":28,"value":0.25}],"iconIndex":293,"name":"Pipe wrench","note":"\n\n\n\n\n<Critical Multiplier: 20%>\n<Random Variance: 2>\n<Picture: icon_pipe_wrench>\n<Replace Attack: 1>","params":[0,0,34,0,0,0,0,0],"price":0,"wtypeId":4},
{"id":16,"animationId":333,"description":"A syringe with neurotoxins attached to an officer sword.\nEach thrust of the sword releases some of the poison.","etypeId":1,"traits":[{"code":31,"dataId":3,"value":0},{"code":22,"dataId":0,"value":0.15},{"code":32,"dataId":17,"value":1}],"iconIndex":106,"name":"Sandman's kiss","note":"\n\n\n\n\n<Critical Multiplier: 20%>\n<Random Variance: 2>\n<Picture: icon_the_kiss>\n<Replace Attack: 1>\n<Synthesis Ingredients>\nitem 224: 2\nitem 223\nweapon 2\nitem 57\n</Synthesis Ingredients>","params":[0,0,38,0,0,0,0,0],"price":500,"wtypeId":11},
{"id":17,"animationId":332,"description":"Four sickles attached to a broomstick. A 2-handed slashing\nweapon that causes severe bleeding.","etypeId":1,"traits":[{"code":31,"dataId":2,"value":0},{"code":22,"dataId":0,"value":0.15},{"code":54,"dataId":2,"value":1},{"code":55,"dataId":0,"value":1}],"iconIndex":107,"name":"Reaper's rake","note":"\n\n\n\n\n<Random Variance: 10>\n<Picture: icon_the_rake>\n<Synthesis Ingredients>\n<Replace Attack: 1>\nitem 224: 2\nitem 223: 3\nweapon 8: 4\nitem 240\n</Synthesis Ingredients>","params":[0,0,40,0,0,0,0,0],"price":500,"wtypeId":12},
{"id":18,"animationId":490,"description":"A makeshift weapon that is a bit hard to wield, but hard to\nread properly as well making it an unpredictable weapon with","etypeId":1,"traits":[{"code":31,"dataId":1,"value":0},{"code":22,"dataId":0,"value":0.15},{"code":31,"dataId":4,"value":0},{"code":32,"dataId":75,"value":1},{"code":32,"dataId":88,"value":0.6}],"iconIndex":54,"name":"Lantern flail","note":"\nheavy mass. Can cause burns as well.\n\n\n\n\n\n<Picture: icon_lantern_flail>\n<Replace Attack: 1>\n<Synthesis Ingredients>\nitem 224\nitem 240\nitem 172\n</Synthesis Ingredients>","params":[0,0,39,0,0,0,0,0],"price":0,"wtypeId":18},
{"id":19,"animationId":496,"description":"A violent and fierce weapon. A saw blade attached to a bench\ngrinder that is customized to work without being plugged in.","etypeId":1,"traits":[{"code":31,"dataId":2,"value":0},{"code":22,"dataId":0,"value":0.15},{"code":32,"dataId":29,"value":1}],"iconIndex":56,"name":"Meat grinder","note":"\n\n\n\n\n\n\n<skill_id:806>\n<Picture: icon_meat_grinder>\n<Replace Attack: 1>\n<Synthesis Ingredients>\nitem 337\nitem 224\nitem 169\nitem 225\n</Synthesis Ingredients>","params":[0,0,35,0,0,0,0,0],"price":0,"wtypeId":10},
{"id":20,"animationId":0,"description":"","etypeId":1,"traits":[{"code":31,"dataId":1,"value":0},{"code":22,"dataId":0,"value":0}],"iconIndex":0,"name":"makeshift2","note":"","params":[0,0,0,0,0,0,0,0],"price":0,"wtypeId":2},
{"id":21,"animationId":0,"description":"","etypeId":1,"traits":[{"code":31,"dataId":1,"value":0},{"code":22,"dataId":0,"value":0}],"iconIndex":0,"name":"","note":"","params":[0,0,0,0,0,0,0,0],"price":0,"wtypeId":0},
{"id":22,"animationId":0,"description":"","etypeId":1,"traits":[{"code":31,"dataId":1,"value":0},{"code":22,"dataId":0,"value":0}],"iconIndex":0,"name":"","note":"","params":[0,0,0,0,0,0,0,0],"price":0,"wtypeId":0},
{"id":23,"animationId":0,"description":"","etypeId":1,"traits":[{"code":31,"dataId":1,"value":0},{"code":22,"dataId":0,"value":0}],"iconIndex":0,"name":"","note":"","params":[0,0,0,0,0,0,0,0],"price":0,"wtypeId":0},
{"id":24,"animationId":0,"description":"","etypeId":1,"traits":[{"code":31,"dataId":1,"value":0},{"code":22,"dataId":0,"value":0}],"iconIndex":0,"name":"","note":"","params":[0,0,0,0,0,0,0,0],"price":0,"wtypeId":0},
{"id":25,"animationId":464,"description":"An old greatsword from the highlands north of Rondon. These\nswords were nicknamed 'the king's bane' because of how effective","etypeId":1,"traits":[{"code":31,"dataId":2,"value":0},{"code":22,"dataId":0,"value":0},{"code":22,"dataId":0,"value":0.15}],"iconIndex":59,"name":"Gaelian greatsword","note":"\nthey were against Rondon knights in the 12th century.\n\n\n\n\n<Critical Multiplier: 20%>\n<Random Variance: 2>\n<Picture: icon_gaelian_greatsword>\n<Replace Attack: 1>","params":[0,0,60,0,0,0,0,0],"price":0,"wtypeId":6},
{"id":26,"animationId":57,"description":"A tool used in kitchen that makes up one brutal weapon.\nSwinging this will surely score you critical hits every now","etypeId":1,"traits":[{"code":31,"dataId":1,"value":0},{"code":22,"dataId":0,"value":0},{"code":22,"dataId":2,"value":0.1},{"code":32,"dataId":28,"value":0.25}],"iconIndex":103,"name":"Meat mallet","note":"\nand then.\n\n\n\n\n<Critical Multiplier: 20%>\n<Random Variance: 2>\n<Picture: icon_meat_mallet>\n<Replace Attack: 1>","params":[0,0,36,0,0,0,0,0],"price":0,"wtypeId":4},
{"id":27,"animationId":56,"description":"An old iron spear that was still used by the cavalry of Bohemia\nfew decades ago. Up until firearms became more prevalent in this","etypeId":1,"traits":[{"code":31,"dataId":3,"value":0},{"code":22,"dataId":0,"value":0}],"iconIndex":100,"name":"Iron spear","note":"\nregion.\n\n\n\n\n<Critical Multiplier: 20%>\n<Random Variance: 2>\n<Picture: icon_javelin>\n<Replace Attack: 1>","params":[0,0,36,0,0,0,0,0],"price":0,"wtypeId":12},
{"id":28,"animationId":271,"description":"A finely decorated ornament spear from the warrior tribes\nof northern Vinland. The decoration suggests highly advanced","etypeId":1,"traits":[{"code":31,"dataId":2,"value":0},{"code":22,"dataId":0,"value":0}],"iconIndex":104,"name":"Sergal spear","note":"\ncultures, but sergals remain largely unknown in the old continent.\n\n\n\n\n<Critical Multiplier: 20%>\n<Random Variance: 2>\n<Picture: icon_sergal_spear>\n<Replace Attack: 1>","params":[0,0,72,0,0,0,0,0],"price":0,"wtypeId":15},
{"id":29,"animationId":665,"description":"A masterfully forged light sword. The sword is very light and\nso excels in finesse. It is said that Red virtue is one of the ","etypeId":1,"traits":[{"code":31,"dataId":2,"value":0},{"code":22,"dataId":0,"value":0}],"iconIndex":42,"name":"Red virtue","note":"\ntwo swords forged for the ancient king of Ma'habre.\n\n\n\n\n<skill_id:776>\n<Critical Multiplier: 20%>\n<Random Variance: 2>\n<Picture: icon_red_virtue>\n<Replace Attack: 1>","params":[0,0,50,0,0,0,0,0],"price":0,"wtypeId":16},
{"id":30,"animationId":0,"description":"","etypeId":1,"traits":[{"code":31,"dataId":1,"value":0},{"code":22,"dataId":0,"value":0}],"iconIndex":0,"name":"Briefcase","note":"","params":[0,0,0,0,0,0,0,0],"price":0,"wtypeId":0},
{"id":31,"animationId":0,"description":"","etypeId":1,"traits":[{"code":31,"dataId":1,"value":0},{"code":22,"dataId":0,"value":0}],"iconIndex":0,"name":"","note":"","params":[0,0,0,0,0,0,0,0],"price":0,"wtypeId":0},
{"id":32,"animationId":0,"description":"","etypeId":1,"traits":[{"code":31,"dataId":1,"value":0},{"code":22,"dataId":0,"value":0}],"iconIndex":0,"name":"","note":"","params":[0,0,0,0,0,0,0,0],"price":0,"wtypeId":0},
{"id":33,"animationId":2,"description":"A sword forged from the blood of Alll-mer.","etypeId":1,"traits":[{"code":31,"dataId":6,"value":0},{"code":22,"dataId":0,"value":0}],"iconIndex":33,"name":"Blood sword","note":"\n\n\n\n\n<Critical Multiplier: 20%>\n<Random Variance: 2>\n<Picture: icon_red_virtue>\n<Replace Attack: 1>","params":[0,0,50,0,0,0,0,0],"price":0,"wtypeId":13},
{"id":34,"animationId":56,"description":"The spear that punctured Alll-mer's side as he was chained and\ncrucified. A faint trace of the shadow that was cast away for","etypeId":1,"traits":[{"code":31,"dataId":6,"value":0},{"code":22,"dataId":0,"value":0}],"iconIndex":270,"name":"Longinus","note":"\nAlll-mer to reach his ascension.\n\n\n\n\n\n<Critical Multiplier: 20%>\n<Random Variance: 2>\n<Picture: icon_javelin>\n<Replace Attack: 1>","params":[0,0,60,0,0,0,0,0],"price":0,"wtypeId":14},
{"id":35,"animationId":106,"description":"An otherwordly sword that oozes toxic gasses. The sword\nis said to house the strength of 6 men.","etypeId":1,"traits":[{"code":31,"dataId":2,"value":0},{"code":22,"dataId":0,"value":0}],"iconIndex":292,"name":"Miasma","note":"","params":[0,0,92,0,0,0,0,0],"price":500,"wtypeId":3},
{"id":36,"animationId":581,"description":"To counter the rising threats of the witch and vampire hunts of\nthe 1700s the Vatican city developed this otherwordly sword to be","etypeId":1,"traits":[{"code":31,"dataId":2,"value":0},{"code":31,"dataId":6,"value":0},{"code":22,"dataId":0,"value":0.15}],"iconIndex":31,"name":"Sabbath","note":"\nused by the penance knights as their new main weapon.\n\n\n\n<Critical Multiplier: 20%>\n<Random Variance: 2>\n<Picture: icon_crucifix>\n<Replace Attack: 1>","params":[0,0,38,0,0,0,0,0],"price":500,"wtypeId":11},
{"id":37,"animationId":2,"description":"An eastern style sword that is delicate and sharp. Prone to\ncritical hits. The blade as ancient writing, it translates to:","etypeId":1,"traits":[{"code":31,"dataId":2,"value":0},{"code":22,"dataId":0,"value":0},{"code":22,"dataId":2,"value":0.18}],"iconIndex":329,"name":"Black steel","note":"\n\"The Black Steel of the East\".\n\n\n\n\n\n<Critical Multiplier: 20%>\n<Random Variance: 2>\n<Picture: icon_black_steel>\n<Replace Attack: 1>","params":[0,0,58,0,0,0,0,0],"price":0,"wtypeId":2},
{"id":38,"animationId":0,"description":"","etypeId":1,"traits":[{"code":31,"dataId":1,"value":0},{"code":22,"dataId":0,"value":0}],"iconIndex":0,"name":"","note":"","params":[0,0,0,0,0,0,0,0],"price":0,"wtypeId":0},
{"id":39,"animationId":0,"description":"","etypeId":1,"traits":[{"code":31,"dataId":1,"value":0},{"code":22,"dataId":0,"value":0}],"iconIndex":0,"name":"","note":"","params":[0,0,0,0,0,0,0,0],"price":0,"wtypeId":0},
{"id":40,"animationId":0,"description":"","etypeId":1,"traits":[{"code":31,"dataId":1,"value":0},{"code":22,"dataId":0,"value":0}],"iconIndex":0,"name":"","note":"","params":[0,0,0,0,0,0,0,0],"price":0,"wtypeId":0},
{"id":41,"animationId":0,"description":"","etypeId":1,"traits":[{"code":31,"dataId":1,"value":0},{"code":22,"dataId":0,"value":0}],"iconIndex":0,"name":"","note":"","params":[0,0,0,0,0,0,0,0],"price":0,"wtypeId":0},
{"id":42,"animationId":0,"description":"","etypeId":1,"traits":[{"code":31,"dataId":1,"value":0},{"code":22,"dataId":0,"value":0}],"iconIndex":0,"name":"","note":"","params":[0,0,0,0,0,0,0,0],"price":0,"wtypeId":0},
{"id":43,"animationId":0,"description":"","etypeId":1,"traits":[{"code":31,"dataId":1,"value":0},{"code":22,"dataId":0,"value":0}],"iconIndex":0,"name":"","note":"","params":[0,0,0,0,0,0,0,0],"price":0,"wtypeId":0},
{"id":44,"animationId":0,"description":"","etypeId":1,"traits":[{"code":31,"dataId":1,"value":0},{"code":22,"dataId":0,"value":0}],"iconIndex":0,"name":"","note":"","params":[0,0,0,0,0,0,0,0],"price":0,"wtypeId":0},
{"id":45,"animationId":0,"description":"","etypeId":1,"traits":[{"code":31,"dataId":1,"value":0},{"code":22,"dataId":0,"value":0}],"iconIndex":0,"name":"","note":"","params":[0,0,0,0,0,0,0,0],"price":0,"wtypeId":0},
{"id":46,"animationId":0,"description":"","etypeId":1,"traits":[{"code":31,"dataId":1,"value":0},{"code":22,"dataId":0,"value":0}],"iconIndex":0,"name":"","note":"","params":[0,0,0,0,0,0,0,0],"price":0,"wtypeId":0},
{"id":47,"animationId":0,"description":"","etypeId":1,"traits":[{"code":31,"dataId":1,"value":0},{"code":22,"dataId":0,"value":0}],"iconIndex":0,"name":"","note":"","params":[0,0,0,0,0,0,0,0],"price":0,"wtypeId":0},
{"id":48,"animationId":0,"description":"","etypeId":1,"traits":[{"code":31,"dataId":1,"value":0},{"code":22,"dataId":0,"value":0}],"iconIndex":0,"name":"","note":"","params":[0,0,0,0,0,0,0,0],"price":0,"wtypeId":0},
{"id":49,"animationId":0,"description":"","etypeId":1,"traits":[{"code":31,"dataId":1,"value":0},{"code":22,"dataId":0,"value":0}],"iconIndex":0,"name":"","note":"","params":[0,0,0,0,0,0,0,0],"price":0,"wtypeId":0},
{"id":50,"animationId":0,"description":"","etypeId":1,"traits":[{"code":31,"dataId":1,"value":0},{"code":22,"dataId":0,"value":0}],"iconIndex":0,"name":"","note":"","params":[0,0,0,0,0,0,0,0],"price":0,"wtypeId":0}
]